{
  "accuracy": 0.8971428571428571,
  "macro_f1": 0.8983028540550665,
  "balanced_accuracy": 0.9072099170540516,
  "n_test": 175,
  "train_accuracy": 1.0
}