{
  "accuracy": 0.9391111111111111,
  "macro_f1": 0.55797707417922,
  "balanced_accuracy": 0.5342953887200993,
  "n_test": 4500,
  "train_accuracy": 0.986
}