{
  "accuracy": 0.5004389815627743,
  "macro_f1": 0.3335283791691047,
  "balanced_accuracy": 0.5,
  "n_test": 1139,
  "train_accuracy": 0.4782608695652174
}