{
  "accuracy": 0.5357142857142857,
  "macro_f1": 0.3488372093023256,
  "balanced_accuracy": 0.5,
  "n_test": 28,
  "train_accuracy": 0.5
}