{
  "accuracy": 0.79,
  "macro_f1": 0.7523292841136926,
  "balanced_accuracy": 0.7387152777777778,
  "n_test": 100,
  "train_accuracy": 0.99
}