{
  "accuracy": 0.9415555555555556,
  "macro_f1": 0.5568865144847115,
  "balanced_accuracy": 0.5207774297155234,
  "n_test": 4500,
  "train_accuracy": 0.968
}