{
  "accuracy": 0.9650145772594753,
  "macro_f1": 0.965014544218201,
  "balanced_accuracy": 0.9650199465070946,
  "n_test": 1029,
  "train_accuracy": 1.0
}