{
  "accuracy": 0.9708454810495627,
  "macro_f1": 0.9708441318030359,
  "balanced_accuracy": 0.9708338999954667,
  "n_test": 1029,
  "train_accuracy": 0.9850746268656716
}