{
  "accuracy": 0.8153078202995009,
  "macro_f1": 0.8151030623529314,
  "balanced_accuracy": 0.8367516441792664,
  "n_test": 601,
  "train_accuracy": 1.0
}