{
  "accuracy": 0.8302828618968386,
  "macro_f1": 0.8301469610320521,
  "balanced_accuracy": 0.8513119533527697,
  "n_test": 601,
  "train_accuracy": 1.0
}