{
  "accuracy": 0.9988888888888889,
  "macro_f1": 0.9988925527854046,
  "balanced_accuracy": 0.9988888888888888,
  "n_test": 900,
  "train_accuracy": 1.0
}