{
  "accuracy": 0.82,
  "macro_f1": 0.7964721845318861,
  "balanced_accuracy": 0.7864583333333333,
  "n_test": 100,
  "train_accuracy": 0.95
}