{
  "accuracy": 0.9938542581211589,
  "macro_f1": 0.9938540875752051,
  "balanced_accuracy": 0.993859649122807,
  "n_test": 1139,
  "train_accuracy": 1.0
}