{
  "accuracy": 0.3028571428571429,
  "macro_f1": 0.15497076023391812,
  "balanced_accuracy": 0.3333333333333333,
  "n_test": 175,
  "train_accuracy": 0.3333333333333333
}