{
  "accuracy": 0.9941596365996106,
  "macro_f1": 0.9845005985915984,
  "balanced_accuracy": 0.974254238979883,
  "n_test": 6164,
  "train_accuracy": 0.998
}