{
  "accuracy": 0.9666666666666667,
  "macro_f1": 0.9665939156385016,
  "balanced_accuracy": 0.9662162162162162,
  "n_test": 150,
  "train_accuracy": 1.0
}