{
  "accuracy": 0.7428115015974441,
  "macro_f1": 0.7122537543539085,
  "balanced_accuracy": 0.7217253995763528,
  "n_test": 1252,
  "train_accuracy": 0.85
}