{
  "accuracy": 0.9929762949956101,
  "macro_f1": 0.992976289581599,
  "balanced_accuracy": 0.9929778312212869,
  "n_test": 1139,
  "train_accuracy": 1.0
}