{
  "accuracy": 0.91,
  "macro_f1": 0.9017359973796266,
  "balanced_accuracy": 0.8993055555555556,
  "n_test": 100,
  "train_accuracy": 1.0
}