{
  "accuracy": 0.9933333333333333,
  "macro_f1": 0.9933306655995732,
  "balanced_accuracy": 0.9932432432432432,
  "n_test": 150,
  "train_accuracy": 1.0
}