{
  "accuracy": 0.8056580565805658,
  "macro_f1": 0.7859383370463315,
  "balanced_accuracy": 0.7725071221790472,
  "n_test": 813,
  "subject_count": 5,
  "n_train_windows": 1361
}