{
  "accuracy": 0.7613776137761378,
  "macro_f1": 0.7144484889521223,
  "balanced_accuracy": 0.7693642634923497,
  "n_test": 813,
  "subject_count": 3,
  "n_train_windows": 810
}