{
  "accuracy": 0.7933579335793358,
  "macro_f1": 0.7949608570379202,
  "balanced_accuracy": 0.7797848373408945,
  "n_test": 813,
  "subject_count": 4,
  "n_train_windows": 1069
}