{
  "accuracy": 0.6998769987699877,
  "macro_f1": 0.7455661708398851,
  "balanced_accuracy": 0.7333911576678142,
  "n_test": 813,
  "subject_count": 2,
  "n_train_windows": 561
}