{
  "accuracy": 0.8302583025830258,
  "macro_f1": 0.8484847375806628,
  "balanced_accuracy": 0.8356723201123027,
  "n_test": 813,
  "subject_count": 5,
  "n_train_windows": 1361
}