{
  "accuracy": 0.8093480934809348,
  "macro_f1": 0.7563369325266027,
  "balanced_accuracy": 0.755024905834604,
  "n_test": 813,
  "subject_count": 5,
  "n_train_windows": 1361
}