{
  "accuracy": 0.7367773677736777,
  "macro_f1": 0.692046151794793,
  "balanced_accuracy": 0.7120577888315216,
  "n_test": 813,
  "subject_count": 2,
  "n_train_windows": 551
}