{
  "accuracy": 0.6814268142681427,
  "macro_f1": 0.603313176016509,
  "balanced_accuracy": 0.6194301182332201,
  "n_test": 813,
  "subject_count": 5,
  "n_train_windows": 1361
}