{
  "accuracy": 0.7970479704797048,
  "macro_f1": 0.772253017441739,
  "balanced_accuracy": 0.7620554744625969,
  "n_test": 813,
  "subject_count": 5,
  "n_train_windows": 1361
}