{
  "accuracy": 0.7207872078720787,
  "macro_f1": 0.6899325558129554,
  "balanced_accuracy": 0.6859445019449352,
  "n_test": 813,
  "subject_count": 3,
  "n_train_windows": 810
}