{
  "accuracy": 0.5559655596555966,
  "macro_f1": 0.3989023488195967,
  "balanced_accuracy": 0.4351891278783961,
  "n_test": 813,
  "subject_count": 2,
  "n_train_windows": 518
}