{
  "accuracy": 0.7392373923739237,
  "macro_f1": 0.7057516276694197,
  "balanced_accuracy": 0.6976766759136779,
  "n_test": 813,
  "subject_count": 3,
  "n_train_windows": 768
}