{
  "accuracy": 0.8154981549815498,
  "macro_f1": 0.8136581049940333,
  "balanced_accuracy": 0.8045485824827637,
  "n_test": 813,
  "subject_count": 5,
  "n_train_windows": 1361
}