{
  "accuracy": 0.7306273062730627,
  "macro_f1": 0.685318279533743,
  "balanced_accuracy": 0.6795373768942929,
  "n_test": 813,
  "subject_count": 2,
  "n_train_windows": 561
}