{
  "accuracy": 0.8019680196801968,
  "macro_f1": 0.7964304232435719,
  "balanced_accuracy": 0.7906721681018225,
  "n_test": 813,
  "subject_count": 5,
  "n_train_windows": 1361
}