{
  "accuracy": 0.8019680196801968,
  "macro_f1": 0.7572225159332008,
  "balanced_accuracy": 0.7623549510127962,
  "n_test": 813,
  "subject_count": 4,
  "n_train_windows": 1069
}