{
  "accuracy": 0.7564575645756457,
  "macro_f1": 0.7486002485467096,
  "balanced_accuracy": 0.7431767440262635,
  "n_test": 813,
  "subject_count": 2,
  "n_train_windows": 551
}