{
  "accuracy": 0.8068880688806888,
  "macro_f1": 0.7675937138835405,
  "balanced_accuracy": 0.7600745029977873,
  "n_test": 813,
  "subject_count": 5,
  "n_train_windows": 1361
}