{
  "accuracy": 0.8044280442804428,
  "macro_f1": 0.8242824530828073,
  "balanced_accuracy": 0.8150659929209357,
  "n_test": 813,
  "subject_count": 4,
  "n_train_windows": 1111
}