{
  "accuracy": 0.7576875768757687,
  "macro_f1": 0.7209449224441712,
  "balanced_accuracy": 0.7176485207646993,
  "n_test": 813,
  "subject_count": 4,
  "n_train_windows": 1069
}