{
  "accuracy": 0.8081180811808119,
  "macro_f1": 0.757511642368209,
  "balanced_accuracy": 0.7615378225956637,
  "n_test": 813,
  "subject_count": 4,
  "n_train_windows": 1069
}