{
  "accuracy": 0.5412054120541205,
  "macro_f1": 0.44210047655425816,
  "balanced_accuracy": 0.47195921688855563,
  "n_test": 813,
  "subject_count": 3,
  "n_train_windows": 810
}