{
  "accuracy": 0.8019680196801968,
  "macro_f1": 0.7386941218252797,
  "balanced_accuracy": 0.7426955713182349,
  "n_test": 813,
  "subject_count": 4,
  "n_train_windows": 1112
}