{
  "accuracy": 0.6236162361623616,
  "macro_f1": 0.5140865777919162,
  "balanced_accuracy": 0.5312082170760023,
  "n_test": 813,
  "subject_count": 3,
  "n_train_windows": 800
}