{
  "accuracy": 0.7712177121771218,
  "macro_f1": 0.7057545378696565,
  "balanced_accuracy": 0.7064650559379199,
  "n_test": 813,
  "subject_count": 5,
  "n_train_windows": 1361
}