{
  "accuracy": 0.7539975399753998,
  "macro_f1": 0.7580220401073344,
  "balanced_accuracy": 0.7611226889923602,
  "n_test": 813,
  "subject_count": 2,
  "n_train_windows": 561
}