{
  "accuracy": 0.6937269372693727,
  "macro_f1": 0.6017166181177026,
  "balanced_accuracy": 0.628257274866924,
  "n_test": 813,
  "subject_count": 5,
  "n_train_windows": 1361
}