{
  "accuracy": 0.7478474784747847,
  "macro_f1": 0.7481674869033946,
  "balanced_accuracy": 0.7665140887338548,
  "n_test": 813,
  "subject_count": 2,
  "n_train_windows": 561
}