{
  "accuracy": 0.7872078720787208,
  "macro_f1": 0.7985303538645596,
  "balanced_accuracy": 0.7819451374684139,
  "n_test": 813,
  "subject_count": 5,
  "n_train_windows": 1361
}