{
  "accuracy": 0.7872078720787208,
  "macro_f1": 0.7775039518955494,
  "balanced_accuracy": 0.7617787732946192,
  "n_test": 813,
  "subject_count": 3,
  "n_train_windows": 800
}