{
  "accuracy": 0.7318573185731857,
  "macro_f1": 0.7550453943332189,
  "balanced_accuracy": 0.7343534248002108,
  "n_test": 813,
  "subject_count": 3,
  "n_train_windows": 791
}