{
  "accuracy": 0.7404674046740467,
  "macro_f1": 0.7179873750155845,
  "balanced_accuracy": 0.7031047170328182,
  "n_test": 813,
  "subject_count": 3,
  "n_train_windows": 768
}