{
  "accuracy": 0.7921279212792128,
  "macro_f1": 0.7580872219395473,
  "balanced_accuracy": 0.748677690298815,
  "n_test": 813,
  "subject_count": 5,
  "n_train_windows": 1361
}