{
  "accuracy": 0.7638376383763837,
  "macro_f1": 0.7223189990389911,
  "balanced_accuracy": 0.7229171972474016,
  "n_test": 813,
  "subject_count": 3,
  "n_train_windows": 810
}