{
  "accuracy": 0.7657142857142857,
  "macro_f1": 0.7661104327770994,
  "balanced_accuracy": 0.7844316835293045,
  "n_test": 175
}