{
  "accuracy": 0.9208888888888889,
  "macro_f1": 0.3784100663693654,
  "balanced_accuracy": 0.39126449330010316,
  "n_test": 4500
}