{
  "accuracy": 0.5882352941176471,
  "macro_f1": 0.5854115492225365,
  "balanced_accuracy": 0.5883082046064194,
  "n_test": 1139
}