{
  "accuracy": 0.9544444444444444,
  "macro_f1": 0.954166415038828,
  "balanced_accuracy": 0.9544665194996321,
  "n_test": 900
}