{
  "accuracy": 0.81,
  "macro_f1": 0.795059864092331,
  "balanced_accuracy": 0.796875,
  "n_test": 100
}