{
  "accuracy": 0.9798068481123793,
  "macro_f1": 0.9798018037050201,
  "balanced_accuracy": 0.9798214781241328,
  "n_test": 1139
}