{
  "accuracy": 0.9157777777777778,
  "macro_f1": 0.5025611426523676,
  "balanced_accuracy": 0.4629689427831929,
  "n_test": 4500
}