{
  "accuracy": 0.86,
  "macro_f1": 0.8589404863194662,
  "balanced_accuracy": 0.8589971550497866,
  "n_test": 150
}