{
  "accuracy": 0.9917261518494485,
  "macro_f1": 0.977907230806132,
  "balanced_accuracy": 0.9649589057203838,
  "n_test": 6164
}