{
  "accuracy": 0.7489025460930641,
  "macro_f1": 0.7396250967152,
  "balanced_accuracy": 0.7490688496284648,
  "n_test": 1139
}