{
  "accuracy": 0.9650145772594753,
  "macro_f1": 0.9650142798857609,
  "balanced_accuracy": 0.965031279749762,
  "n_test": 1029
}