{
  "accuracy": 0.9841966637401229,
  "macro_f1": 0.9841951896392229,
  "balanced_accuracy": 0.9841889433601578,
  "n_test": 1139
}