{
  "accuracy": 0.7133333333333334,
  "macro_f1": 0.6981571383952717,
  "balanced_accuracy": 0.7120507084265473,
  "n_test": 900
}