{
  "accuracy": 0.8434504792332268,
  "macro_f1": 0.8398391812865498,
  "balanced_accuracy": 0.8368239296488863,
  "n_test": 1252
}