{
  "accuracy": 0.9917261518494485,
  "macro_f1": 0.9779374594307002,
  "balanced_accuracy": 0.9656198597967914,
  "n_test": 6164
}