{
  "accuracy": 0.956268221574344,
  "macro_f1": 0.9562576458196554,
  "balanced_accuracy": 0.9562310168185321,
  "n_test": 1029
}