{
  "accuracy": 0.8466666666666667,
  "macro_f1": 0.8470151077484029,
  "balanced_accuracy": 0.8469164555461725,
  "n_test": 900
}