{
  "accuracy": 0.9356060606060606,
  "macro_f1": 0.9355497998424933,
  "balanced_accuracy": 0.9356131896617099,
  "n_test": 1320
}