{
  "accuracy": 0.9455782312925171,
  "macro_f1": 0.9455720114855675,
  "balanced_accuracy": 0.9456174350605195,
  "n_test": 1029
}