{
  "accuracy": 0.9964308890330954,
  "macro_f1": 0.9907045558424452,
  "balanced_accuracy": 0.9894072333042099,
  "n_test": 6164
}