{
  "accuracy": 0.9918883841661259,
  "macro_f1": 0.9782058969949312,
  "balanced_accuracy": 0.9624060150375939,
  "n_test": 6164
}