{
  "accuracy": 0.9255555555555556,
  "macro_f1": 0.5045654288374216,
  "balanced_accuracy": 0.4756593433446761,
  "n_test": 4500
}