{
  "accuracy": 0.9375555555555556,
  "macro_f1": 0.601449795650875,
  "balanced_accuracy": 0.5668828489735361,
  "n_test": 4500
}