{
  "accuracy": 0.9659863945578231,
  "macro_f1": 0.9659817681546279,
  "balanced_accuracy": 0.9659606056484882,
  "n_test": 1029
}