{
  "accuracy": 0.6044703595724004,
  "macro_f1": 0.5788067281824354,
  "balanced_accuracy": 0.6051951584387325,
  "n_test": 1029
}