{
  "accuracy": 0.9235555555555556,
  "macro_f1": 0.39724952172956024,
  "balanced_accuracy": 0.4039633674903406,
  "n_test": 4500
}