{
  "accuracy": 0.9386666666666666,
  "macro_f1": 0.5714870659110893,
  "balanced_accuracy": 0.5412629093613711,
  "n_test": 4500
}