{
  "accuracy": 0.7220447284345048,
  "macro_f1": 0.6957600134070723,
  "balanced_accuracy": 0.7033468130175236,
  "n_test": 1252
}