{
  "accuracy": 0.81,
  "macro_f1": 0.7897997566102445,
  "balanced_accuracy": 0.7847222222222222,
  "n_test": 100
}