{
  "accuracy": 0.9582118561710399,
  "macro_f1": 0.958211698306727,
  "balanced_accuracy": 0.9582143342853258,
  "n_test": 1029
}