{
  "accuracy": 0.9407191448007775,
  "macro_f1": 0.9406105562940851,
  "balanced_accuracy": 0.9408518065188811,
  "n_test": 1029
}