{
  "accuracy": 0.8286189683860233,
  "macro_f1": 0.8262620649394753,
  "balanced_accuracy": 0.8287228512667526,
  "n_test": 601
}