{
  "accuracy": 0.9633333333333334,
  "macro_f1": 0.9633481338866866,
  "balanced_accuracy": 0.9634214360144401,
  "n_test": 900
}