{
  "accuracy": 0.9582118561710399,
  "macro_f1": 0.9582041194168016,
  "balanced_accuracy": 0.9581803345573234,
  "n_test": 1029
}