{
  "accuracy": 0.8571428571428571,
  "macro_f1": 0.857898330843204,
  "balanced_accuracy": 0.8617263695196428,
  "n_test": 175
}