{
  "accuracy": 0.9366666666666666,
  "macro_f1": 0.548032535180551,
  "balanced_accuracy": 0.5208785786995651,
  "n_test": 4500
}