{
  "accuracy": 0.9261418853255587,
  "macro_f1": 0.9260003633555889,
  "balanced_accuracy": 0.926277256448615,
  "n_test": 1029
}