{
  "accuracy": 0.8036605657237936,
  "macro_f1": 0.8031367976904287,
  "balanced_accuracy": 0.8275080796438177,
  "n_test": 601
}