{
  "accuracy": 0.9437777777777778,
  "macro_f1": 0.6387368995665403,
  "balanced_accuracy": 0.5948747405239194,
  "n_test": 4500
}