{
  "accuracy": 0.9257188498402555,
  "macro_f1": 0.9247646229088091,
  "balanced_accuracy": 0.9225560048783619,
  "n_test": 1252
}