{
  "accuracy": 0.9504373177842566,
  "macro_f1": 0.9504305764538863,
  "balanced_accuracy": 0.9504113967088264,
  "n_test": 1029
}