{
  "accuracy": 0.8533333333333334,
  "macro_f1": 0.8526785714285714,
  "balanced_accuracy": 0.8543741109530583,
  "n_test": 150
}