{
  "accuracy": 0.7884108867427568,
  "macro_f1": 0.784470852422847,
  "balanced_accuracy": 0.7885302007214874,
  "n_test": 1139
}