{
  "accuracy": 0.9511111111111111,
  "macro_f1": 0.9510527518728145,
  "balanced_accuracy": 0.9512508210241443,
  "n_test": 900
}