{
  "accuracy": 0.78,
  "macro_f1": 0.7209538305428715,
  "balanced_accuracy": 0.7065972222222222,
  "n_test": 100
}