{
  "accuracy": 0.986859182349124,
  "macro_f1": 0.9647665417495987,
  "balanced_accuracy": 0.9503339636598316,
  "n_test": 6164
}