{
  "accuracy": 0.8766666666666667,
  "macro_f1": 0.8761506980492461,
  "balanced_accuracy": 0.8764180136401123,
  "n_test": 900
}