{
  "accuracy": 0.7036741214057508,
  "macro_f1": 0.6553045060528682,
  "balanced_accuracy": 0.6785095320623917,
  "n_test": 1252
}