{
  "accuracy": 0.6377777777777778,
  "macro_f1": 0.6174289241957261,
  "balanced_accuracy": 0.636607009694258,
  "n_test": 900
}