{
  "accuracy": 0.9816677482154446,
  "macro_f1": 0.9493035693087355,
  "balanced_accuracy": 0.922308088825446,
  "n_test": 6164
}