{
  "accuracy": 0.9844444444444445,
  "macro_f1": 0.984359007341754,
  "balanced_accuracy": 0.9844518027961736,
  "n_test": 900
}