{
  "accuracy": 0.9426627793974732,
  "macro_f1": 0.9425925137937392,
  "balanced_accuracy": 0.9427727911510042,
  "n_test": 1029
}