{
  "accuracy": 0.9442222222222222,
  "macro_f1": 0.6273893147050897,
  "balanced_accuracy": 0.5892620565546052,
  "n_test": 4500
}