{
  "accuracy": 0.8993610223642172,
  "macro_f1": 0.8983640524492825,
  "balanced_accuracy": 0.8971050773477116,
  "n_test": 1252
}