{
  "accuracy": 0.9622222222222222,
  "macro_f1": 0.9618001877025231,
  "balanced_accuracy": 0.9622147651006712,
  "n_test": 900
}