{
  "accuracy": 0.8849840255591054,
  "macro_f1": 0.8831702057067021,
  "balanced_accuracy": 0.8806264843699853,
  "n_test": 1252
}