{
  "accuracy": 0.6338893766461808,
  "macro_f1": 0.5823843927967566,
  "balanced_accuracy": 0.6341981931982856,
  "n_test": 1139
}