{
  "accuracy": 0.91,
  "macro_f1": 0.9093845212355767,
  "balanced_accuracy": 0.9100358040604274,
  "n_test": 900
}