{
  "accuracy": 0.9552964042759962,
  "macro_f1": 0.9552943354313217,
  "balanced_accuracy": 0.9553243574051408,
  "n_test": 1029
}