{
  "accuracy": 0.77,
  "macro_f1": 0.74189204354169,
  "balanced_accuracy": 0.7352430555555556,
  "n_test": 100
}