{
  "accuracy": 0.9402222222222222,
  "macro_f1": 0.5885705956887972,
  "balanced_accuracy": 0.5502238675013736,
  "n_test": 4500
}