{
  "accuracy": 0.9533527696793003,
  "macro_f1": 0.9533333333333334,
  "balanced_accuracy": 0.953420372637019,
  "n_test": 1029
}