{
  "accuracy": 0.7085714285714285,
  "macro_f1": 0.7088708870887089,
  "balanced_accuracy": 0.7229969920700027,
  "n_test": 175
}