{
  "accuracy": 0.9552964042759962,
  "macro_f1": 0.9552608695652174,
  "balanced_accuracy": 0.9552223582211342,
  "n_test": 1029
}