{
  "accuracy": 0.9105928085519922,
  "macro_f1": 0.9103896103896103,
  "balanced_accuracy": 0.9104617163062696,
  "n_test": 1029
}