{
  "accuracy": 0.9920983318700615,
  "macro_f1": 0.9920983075069547,
  "balanced_accuracy": 0.9921006382388309,
  "n_test": 1139
}