{
  "accuracy": 0.9970798182998053,
  "macro_f1": 0.9923232504383868,
  "balanced_accuracy": 0.9864661654135338,
  "n_test": 6164
}