{
  "accuracy": 0.9275555555555556,
  "macro_f1": 0.38053626749278924,
  "balanced_accuracy": 0.3957332299080904,
  "n_test": 4500
}