{
  "accuracy": 0.7734855136084284,
  "macro_f1": 0.7681364565974853,
  "balanced_accuracy": 0.773619461659421,
  "n_test": 1139
}