{
  "accuracy": 0.9318181818181818,
  "macro_f1": 0.9317423399737081,
  "balanced_accuracy": 0.9317008265944172,
  "n_test": 1320
}