{
  "accuracy": 0.7204658901830283,
  "macro_f1": 0.7204651162790697,
  "balanced_accuracy": 0.7354114403236378,
  "n_test": 601
}