{
  "accuracy": 0.8,
  "macro_f1": 0.7938049853372434,
  "balanced_accuracy": 0.7978307254623044,
  "n_test": 150
}