{
  "accuracy": 0.9337060702875399,
  "macro_f1": 0.9328787359117108,
  "balanced_accuracy": 0.9307182746004237,
  "n_test": 1252
}