{
  "accuracy": 0.9744444444444444,
  "macro_f1": 0.9744853441834195,
  "balanced_accuracy": 0.9744444444444444,
  "n_test": 900
}