{
  "accuracy": 0.9640427599611273,
  "macro_f1": 0.9640422166080325,
  "balanced_accuracy": 0.9640622875017,
  "n_test": 1029
}