{
  "accuracy": 0.9363636363636364,
  "macro_f1": 0.9363542852944418,
  "balanced_accuracy": 0.9369265027265896,
  "n_test": 1320
}