{
  "accuracy": 0.9066666666666666,
  "macro_f1": 0.9066002490660025,
  "balanced_accuracy": 0.9071834992887624,
  "n_test": 150
}