{
  "accuracy": 0.8785942492012779,
  "macro_f1": 0.8784937888198758,
  "balanced_accuracy": 0.8862751139354259,
  "n_test": 1252
}