{
  "accuracy": 0.5028571428571429,
  "macro_f1": 0.5092433917997172,
  "balanced_accuracy": 0.514082581350834,
  "n_test": 175
}