{
  "accuracy": 0.8519134775374376,
  "macro_f1": 0.8519118375844761,
  "balanced_accuracy": 0.8697821321219518,
  "n_test": 601
}