{
  "accuracy": 0.6777777777777778,
  "macro_f1": 0.6610671450177623,
  "balanced_accuracy": 0.6766442953020135,
  "n_test": 900
}