{
  "accuracy": 0.9226666666666666,
  "macro_f1": 0.5103930511502444,
  "balanced_accuracy": 0.47818540994057807,
  "n_test": 4500
}