{
  "accuracy": 0.9166666666666666,
  "macro_f1": 0.5628025693310895,
  "balanced_accuracy": 0.5392892328988838,
  "n_test": 4500
}