{
  "accuracy": 0.7828571428571428,
  "macro_f1": 0.7800500571142773,
  "balanced_accuracy": 0.7828821438337435,
  "n_test": 175
}