{
  "accuracy": 0.8768718801996672,
  "macro_f1": 0.8761776956144063,
  "balanced_accuracy": 0.8839638845571451,
  "n_test": 601
}