{
  "accuracy": 0.956738768718802,
  "macro_f1": 0.9563177904506317,
  "balanced_accuracy": 0.9620991253644315,
  "n_test": 601
}