{
  "accuracy": 0.9388888888888889,
  "macro_f1": 0.5684472896877371,
  "balanced_accuracy": 0.5381718293137312,
  "n_test": 4500
}