{
  "accuracy": 0.6422222222222222,
  "macro_f1": 0.6197587819493644,
  "balanced_accuracy": 0.64137956748695,
  "n_test": 900
}