{
  "accuracy": 0.8718801996672213,
  "macro_f1": 0.8713659497938886,
  "balanced_accuracy": 0.8805512238117839,
  "n_test": 601
}