{
  "accuracy": 0.98,
  "macro_f1": 0.9799777530589544,
  "balanced_accuracy": 0.9797297297297297,
  "n_test": 150
}