{
  "accuracy": 0.902555910543131,
  "macro_f1": 0.900978904923049,
  "balanced_accuracy": 0.8981808845240388,
  "n_test": 1252
}