{
  "accuracy": 0.7963125548726954,
  "macro_f1": 0.7920538389866787,
  "balanced_accuracy": 0.7964388123207844,
  "n_test": 1139
}