{
  "accuracy": 0.9342222222222222,
  "macro_f1": 0.5276624628632651,
  "balanced_accuracy": 0.4989382043479405,
  "n_test": 4500
}