{
  "accuracy": 0.85,
  "macro_f1": 0.8485801014056383,
  "balanced_accuracy": 0.849550399770854,
  "n_test": 900
}