{
  "accuracy": 0.7657142857142857,
  "macro_f1": 0.7653230936668889,
  "balanced_accuracy": 0.7902652447361226,
  "n_test": 175
}