{
  "accuracy": 0.9842634652822843,
  "macro_f1": 0.957156063417923,
  "balanced_accuracy": 0.9363210262426388,
  "n_test": 6164
}