{
  "accuracy": 0.9566666666666667,
  "macro_f1": 0.9565919781983859,
  "balanced_accuracy": 0.95676938728141,
  "n_test": 900
}