{
  "accuracy": 0.7257142857142858,
  "macro_f1": 0.7237839262187089,
  "balanced_accuracy": 0.7272810135812597,
  "n_test": 175
}