{
  "accuracy": 0.68,
  "macro_f1": 0.6498735654541918,
  "balanced_accuracy": 0.6840327169274538,
  "n_test": 150
}