{
  "accuracy": 0.913477537437604,
  "macro_f1": 0.9132158883902786,
  "balanced_accuracy": 0.924198250728863,
  "n_test": 601
}