{
  "accuracy": 0.8733333333333333,
  "macro_f1": 0.871267898279055,
  "balanced_accuracy": 0.8717994310099573,
  "n_test": 150
}