{
  "accuracy": 0.8817891373801917,
  "macro_f1": 0.8816003026190349,
  "balanced_accuracy": 0.8840798510815842,
  "n_test": 1252
}