{
  "accuracy": 0.67,
  "macro_f1": 0.541093032957864,
  "balanced_accuracy": 0.5659722222222222,
  "n_test": 100
}