{
  "accuracy": 0.62,
  "macro_f1": 0.6150556030795551,
  "balanced_accuracy": 0.6216216216216216,
  "n_test": 150
}