{
  "accuracy": 0.956268221574344,
  "macro_f1": 0.9562622733416644,
  "balanced_accuracy": 0.9563103495172038,
  "n_test": 1029
}