{
  "accuracy": 0.9241214057507987,
  "macro_f1": 0.9230607512153154,
  "balanced_accuracy": 0.9205712818537776,
  "n_test": 1252
}