{
  "accuracy": 0.9434276206322796,
  "macro_f1": 0.9430172894590072,
  "balanced_accuracy": 0.9504373177842566,
  "n_test": 601
}