{
  "accuracy": 0.9448888888888889,
  "macro_f1": 0.6214892745354621,
  "balanced_accuracy": 0.5735550839893613,
  "n_test": 4500
}