{
  "accuracy": 0.990914990266061,
  "macro_f1": 0.9761488007929026,
  "balanced_accuracy": 0.9711138183702573,
  "n_test": 6164
}