{
  "accuracy": 0.9766385463984426,
  "macro_f1": 0.9329307437027365,
  "balanced_accuracy": 0.8923902773846784,
  "n_test": 6164
}