{
  "accuracy": 0.7853577371048253,
  "macro_f1": 0.7849552735593925,
  "balanced_accuracy": 0.8076310258322599,
  "n_test": 601
}