{
  "accuracy": 0.4642857142857143,
  "macro_f1": 0.3170731707317073,
  "balanced_accuracy": 0.5,
  "n_test": 28
}