{
  "accuracy": 0.9620991253644315,
  "macro_f1": 0.9620985526408992,
  "balanced_accuracy": 0.9620959698989076,
  "n_test": 1029
}