{
  "accuracy": 0.916,
  "macro_f1": 0.5683615049652199,
  "balanced_accuracy": 0.5432288496800112,
  "n_test": 4500
}