{
  "accuracy": 0.9591836734693877,
  "macro_f1": 0.95918055083305,
  "balanced_accuracy": 0.9591663266693866,
  "n_test": 1029
}