{
  "accuracy": 0.9428571428571428,
  "macro_f1": 0.9468478489613084,
  "balanced_accuracy": 0.9570578231292517,
  "n_test": 105
}