{
  "accuracy": 0.9759896171317326,
  "macro_f1": 0.9307550939795236,
  "balanced_accuracy": 0.8887218045112781,
  "n_test": 6164
}