{
  "accuracy": 0.9451111111111111,
  "macro_f1": 0.6205605131571885,
  "balanced_accuracy": 0.5685458615631844,
  "n_test": 4500
}