{
  "accuracy": 0.9904761904761905,
  "macro_f1": 0.9907448872966115,
  "balanced_accuracy": 0.9904761904761905,
  "n_test": 105
}