{
  "accuracy": 0.9688888888888889,
  "macro_f1": 0.9688379400458963,
  "balanced_accuracy": 0.968962472406181,
  "n_test": 900
}