{
  "accuracy": 0.9620991253644315,
  "macro_f1": 0.9620939702294424,
  "balanced_accuracy": 0.9621413028695771,
  "n_test": 1029
}