{
  "accuracy": 0.9266666666666666,
  "macro_f1": 0.926488603988604,
  "balanced_accuracy": 0.9266652838891605,
  "n_test": 900
}