{
  "accuracy": 0.7747603833865815,
  "macro_f1": 0.752169701394056,
  "balanced_accuracy": 0.7557583927081327,
  "n_test": 1252
}