{
  "accuracy": 0.48,
  "macro_f1": 0.46490104294982343,
  "balanced_accuracy": 0.510801203171999,
  "n_test": 175
}