{
  "accuracy": 0.68,
  "macro_f1": 0.64349376114082,
  "balanced_accuracy": 0.6758534850640113,
  "n_test": 150
}