{
  "accuracy": 0.8202995008319468,
  "macro_f1": 0.8201197206518125,
  "balanced_accuracy": 0.8416050805704341,
  "n_test": 601
}