{
  "accuracy": 0.902818270165209,
  "macro_f1": 0.9028071633670848,
  "balanced_accuracy": 0.9027947776417788,
  "n_test": 1029
}