{
  "accuracy": 0.9484936831875608,
  "macro_f1": 0.94843738920378,
  "balanced_accuracy": 0.9485980778820435,
  "n_test": 1029
}