{
  "accuracy": 0.9977287475665152,
  "macro_f1": 0.9940847173542833,
  "balanced_accuracy": 0.9927784545925643,
  "n_test": 6164
}