{
  "accuracy": 0.9164237123420796,
  "macro_f1": 0.9162775120341498,
  "balanced_accuracy": 0.9163096695226438,
  "n_test": 1029
}