{
  "accuracy": 0.9422222222222222,
  "macro_f1": 0.5688602182769212,
  "balanced_accuracy": 0.5272409447772499,
  "n_test": 4500
}