{
  "accuracy": 0.9375555555555556,
  "macro_f1": 0.5360948988803138,
  "balanced_accuracy": 0.5013622230439589,
  "n_test": 4500
}