{
  "accuracy": 0.884185303514377,
  "macro_f1": 0.8827399603276873,
  "balanced_accuracy": 0.8808922267154503,
  "n_test": 1252
}