{
  "accuracy": 0.7542857142857143,
  "macro_f1": 0.7494232042210526,
  "balanced_accuracy": 0.7499772126515358,
  "n_test": 175
}