{
  "accuracy": 0.9980532121998702,
  "macro_f1": 0.9949162649007569,
  "balanced_accuracy": 0.9922993517618377,
  "n_test": 6164
}