{
  "accuracy": 0.9833187006145742,
  "macro_f1": 0.9833161800134914,
  "balanced_accuracy": 0.9833302500539574,
  "n_test": 1139
}