{
  "accuracy": 0.85,
  "macro_f1": 0.8362266622993777,
  "balanced_accuracy": 0.8342013888888888,
  "n_test": 100
}