{
  "accuracy": 0.9384359400998337,
  "macro_f1": 0.9380407192035598,
  "balanced_accuracy": 0.9460641399416909,
  "n_test": 601
}