{
  "accuracy": 0.6844444444444444,
  "macro_f1": 0.6723836178877872,
  "balanced_accuracy": 0.6834705740008197,
  "n_test": 900
}