{
  "accuracy": 0.8186356073211315,
  "macro_f1": 0.8185069747468451,
  "balanced_accuracy": 0.8391868375257079,
  "n_test": 601
}