{
  "accuracy": 0.9406666666666667,
  "macro_f1": 0.6104784205776251,
  "balanced_accuracy": 0.5839166121469578,
  "n_test": 4500
}