{
  "accuracy": 0.902818270165209,
  "macro_f1": 0.9020522388059702,
  "balanced_accuracy": 0.9030837753297973,
  "n_test": 1029
}