{
  "accuracy": 0.8866666666666667,
  "macro_f1": 0.8855218855218856,
  "balanced_accuracy": 0.8854907539118065,
  "n_test": 150
}