{
  "accuracy": 0.9727831431079894,
  "macro_f1": 0.9727642486507084,
  "balanced_accuracy": 0.9728070175438597,
  "n_test": 1139
}