{
  "accuracy": 0.9333333333333333,
  "macro_f1": 0.9333278232360802,
  "balanced_accuracy": 0.9339896451641814,
  "n_test": 1320
}