{
  "accuracy": 0.7085714285714285,
  "macro_f1": 0.7025628192294859,
  "balanced_accuracy": 0.7040379181478443,
  "n_test": 175
}