{
  "accuracy": 0.9868305531167691,
  "macro_f1": 0.9868301876611538,
  "balanced_accuracy": 0.9868266888662782,
  "n_test": 1139
}