{
  "accuracy": 0.9153333333333333,
  "macro_f1": 0.5673903766121501,
  "balanced_accuracy": 0.5428347989953586,
  "n_test": 4500
}