{
  "accuracy": 0.9455782312925171,
  "macro_f1": 0.9455777687111837,
  "balanced_accuracy": 0.9455777687111837,
  "n_test": 1029
}