{
  "accuracy": 0.91,
  "macro_f1": 0.9095404810164345,
  "balanced_accuracy": 0.9099984196828501,
  "n_test": 900
}