{
  "accuracy": 0.8718801996672213,
  "macro_f1": 0.8718106397418318,
  "balanced_accuracy": 0.8863143263950098,
  "n_test": 601
}