{
  "accuracy": 0.9982154445165476,
  "macro_f1": 0.9953368054889301,
  "balanced_accuracy": 0.9923902773846782,
  "n_test": 6164
}