{
  "accuracy": 0.68,
  "macro_f1": 0.5614035087719298,
  "balanced_accuracy": 0.5798611111111112,
  "n_test": 100
}