{
  "accuracy": 0.9886437378325762,
  "macro_f1": 0.9695303401489672,
  "balanced_accuracy": 0.9546389158931152,
  "n_test": 6164
}