{
  "accuracy": 0.9188888888888889,
  "macro_f1": 0.5376927014453201,
  "balanced_accuracy": 0.5204902813701583,
  "n_test": 4500
}