{
  "accuracy": 0.8738019169329073,
  "macro_f1": 0.8737861352076299,
  "balanced_accuracy": 0.8800693240901214,
  "n_test": 1252
}