{
  "accuracy": 0.19428571428571428,
  "macro_f1": 0.1693071061492114,
  "balanced_accuracy": 0.21383647798742136,
  "n_test": 175
}