{
  "accuracy": 0.5847234416154522,
  "macro_f1": 0.5817522639846907,
  "balanced_accuracy": 0.5847978910369069,
  "n_test": 1139
}