{
  "accuracy": 0.9428888888888889,
  "macro_f1": 0.6342227112381366,
  "balanced_accuracy": 0.5952726672690334,
  "n_test": 4500
}