{
  "accuracy": 0.9655555555555555,
  "macro_f1": 0.9655524441333022,
  "balanced_accuracy": 0.9656437570064842,
  "n_test": 900
}