{
  "accuracy": 0.9168053244592346,
  "macro_f1": 0.9165222125919505,
  "balanced_accuracy": 0.9271137026239067,
  "n_test": 601
}