{
  "accuracy": 0.9322222222222222,
  "macro_f1": 0.5503022278877975,
  "balanced_accuracy": 0.5209012621320466,
  "n_test": 4500
}