{
  "accuracy": 0.5285338015803336,
  "macro_f1": 0.5185524529192986,
  "balanced_accuracy": 0.5286606234390898,
  "n_test": 1139
}