{
  "accuracy": 0.52,
  "macro_f1": 0.5153581854349119,
  "balanced_accuracy": 0.5285753349740224,
  "n_test": 175
}