{
  "accuracy": 0.9101497504159733,
  "macro_f1": 0.9099100599600267,
  "balanced_accuracy": 0.9212827988338192,
  "n_test": 601
}