{
  "accuracy": 0.9948085658663206,
  "macro_f1": 0.9864252995066949,
  "balanced_accuracy": 0.9832103444645438,
  "n_test": 6164
}