{
  "accuracy": 0.9018302828618968,
  "macro_f1": 0.9016462103876292,
  "balanced_accuracy": 0.9139941690962099,
  "n_test": 601
}