{
  "accuracy": 0.6688888888888889,
  "macro_f1": 0.6513244839238516,
  "balanced_accuracy": 0.6677554064131245,
  "n_test": 900
}