{
  "accuracy": 0.9875081116158339,
  "macro_f1": 0.9657974450483625,
  "balanced_accuracy": 0.9421052631578948,
  "n_test": 6164
}