{
  "accuracy": 0.9601554907677357,
  "macro_f1": 0.960151727381862,
  "balanced_accuracy": 0.9601919851307856,
  "n_test": 1029
}