{
  "accuracy": 0.923226433430515,
  "macro_f1": 0.923169545686102,
  "balanced_accuracy": 0.9231549480937487,
  "n_test": 1029
}