{
  "accuracy": 0.49333333333333335,
  "macro_f1": 0.33035714285714285,
  "balanced_accuracy": 0.5,
  "n_test": 150
}