{
  "accuracy": 0.63,
  "macro_f1": 0.6009060511271707,
  "balanced_accuracy": 0.6015625,
  "n_test": 100
}