{
  "accuracy": 0.8457142857142858,
  "macro_f1": 0.8458909904746309,
  "balanced_accuracy": 0.862273265882782,
  "n_test": 175
}