{
  "accuracy": 0.9974042829331603,
  "macro_f1": 0.9932306955668964,
  "balanced_accuracy": 0.9912746951940681,
  "n_test": 6164
}