{
  "accuracy": 0.6666666666666666,
  "macro_f1": 0.6411483253588517,
  "balanced_accuracy": 0.6703413940256046,
  "n_test": 150
}