{
  "accuracy": 0.9318181818181818,
  "macro_f1": 0.9317279046673287,
  "balanced_accuracy": 0.9316043101487043,
  "n_test": 1320
}