{
  "accuracy": 0.9457777777777778,
  "macro_f1": 0.6014949221848169,
  "balanced_accuracy": 0.5496217340598555,
  "n_test": 4500
}