{
  "accuracy": 0.9891304347826086,
  "macro_f1": 0.9704482867558324,
  "balanced_accuracy": 0.9496240601503759,
  "n_test": 6164
}