{
  "accuracy": 0.96,
  "macro_f1": 0.9598858976644677,
  "balanced_accuracy": 0.9594594594594594,
  "n_test": 150
}