{
  "accuracy": 0.9972420506164829,
  "macro_f1": 0.9928123890739918,
  "balanced_accuracy": 0.9911837695712276,
  "n_test": 6164
}