{
  "accuracy": 0.9523809523809523,
  "macro_f1": 0.9518674388914505,
  "balanced_accuracy": 0.9563775510204083,
  "n_test": 105
}