{
  "accuracy": 0.6477777777777778,
  "macro_f1": 0.6475021081361748,
  "balanced_accuracy": 0.6480462341536167,
  "n_test": 900
}