{
  "accuracy": 0.83,
  "macro_f1": 0.8119260980196925,
  "balanced_accuracy": 0.8064236111111112,
  "n_test": 100
}