{
  "accuracy": 0.5266666666666666,
  "macro_f1": 0.37976821384893134,
  "balanced_accuracy": 0.5202702702702703,
  "n_test": 150
}