{
  "accuracy": 0.985561323815704,
  "macro_f1": 0.9607447391234192,
  "balanced_accuracy": 0.940353201607401,
  "n_test": 6164
}