{
  "accuracy": 0.9806848112379281,
  "macro_f1": 0.9806814607399915,
  "balanced_accuracy": 0.9806740048715814,
  "n_test": 1139
}