{
  "accuracy": 0.86,
  "macro_f1": 0.8577171507294818,
  "balanced_accuracy": 0.8584637268847795,
  "n_test": 150
}