{
  "accuracy": 0.9364444444444444,
  "macro_f1": 0.5616570454233476,
  "balanced_accuracy": 0.5337863335430838,
  "n_test": 4500
}