{
  "accuracy": 0.9985399091499026,
  "macro_f1": 0.9962098808861675,
  "balanced_accuracy": 0.9965378530888049,
  "n_test": 6164
}