{
  "accuracy": 0.8086522462562395,
  "macro_f1": 0.8081742765076977,
  "balanced_accuracy": 0.8323615160349854,
  "n_test": 601
}