{
  "accuracy": 0.7920133111480865,
  "macro_f1": 0.7910879002005,
  "balanced_accuracy": 0.8177842565597668,
  "n_test": 601
}