{
  "accuracy": 0.6544444444444445,
  "macro_f1": 0.6444261203604943,
  "balanced_accuracy": 0.6538904938984943,
  "n_test": 900
}