{
  "accuracy": 0.9973661106233538,
  "macro_f1": 0.9973661106233538,
  "balanced_accuracy": 0.9973668794129436,
  "n_test": 1139
}