{
  "accuracy": 0.9591836734693877,
  "macro_f1": 0.9591836349212346,
  "balanced_accuracy": 0.9591946597760551,
  "n_test": 1029
}