{
  "accuracy": 0.9395555555555556,
  "macro_f1": 0.5904182663600295,
  "balanced_accuracy": 0.5623826673091423,
  "n_test": 4500
}