{
  "accuracy": 0.9601554907677357,
  "macro_f1": 0.9601481138625318,
  "balanced_accuracy": 0.9602033183734531,
  "n_test": 1029
}