{
  "accuracy": 0.9659863945578231,
  "macro_f1": 0.9659858805751659,
  "balanced_accuracy": 0.965983272133823,
  "n_test": 1029
}