{
  "accuracy": 0.9203109815354713,
  "macro_f1": 0.9200826659190617,
  "balanced_accuracy": 0.920162972029557,
  "n_test": 1029
}