{
  "accuracy": 0.8711111111111111,
  "macro_f1": 0.8688277865424586,
  "balanced_accuracy": 0.871317144959529,
  "n_test": 900
}