{
  "accuracy": 0.6666666666666666,
  "macro_f1": 0.6546325290108675,
  "balanced_accuracy": 0.6692745376955903,
  "n_test": 150
}