{
  "accuracy": 0.9866666666666667,
  "macro_f1": 0.9866571784380003,
  "balanced_accuracy": 0.9864864864864865,
  "n_test": 150
}