{
  "accuracy": 0.9975665152498377,
  "macro_f1": 0.9936663975262371,
  "balanced_accuracy": 0.9926875289697238,
  "n_test": 6164
}