{
  "accuracy": 0.7986688851913477,
  "macro_f1": 0.7980224694135455,
  "balanced_accuracy": 0.823134901801252,
  "n_test": 601
}