{
  "accuracy": 0.9266666666666666,
  "macro_f1": 0.9265937486105553,
  "balanced_accuracy": 0.9268653421633554,
  "n_test": 900
}