{
  "accuracy": 0.5314285714285715,
  "macro_f1": 0.5391271083289862,
  "balanced_accuracy": 0.5382371707228146,
  "n_test": 175
}