{
  "accuracy": 0.9956101843722563,
  "macro_f1": 0.9956101302315183,
  "balanced_accuracy": 0.9956140350877193,
  "n_test": 1139
}