{
  "accuracy": 0.9244444444444444,
  "macro_f1": 0.9242850696801007,
  "balanced_accuracy": 0.9244577783703966,
  "n_test": 900
}