{
  "accuracy": 0.87,
  "macro_f1": 0.8561787808385883,
  "balanced_accuracy": 0.8498263888888888,
  "n_test": 100
}