{
  "accuracy": 0.9028571428571428,
  "macro_f1": 0.9042648709315376,
  "balanced_accuracy": 0.9091240543250386,
  "n_test": 175
}