{
  "accuracy": 0.6228571428571429,
  "macro_f1": 0.6208630492799263,
  "balanced_accuracy": 0.6213654179199708,
  "n_test": 175
}