{
  "accuracy": 0.75,
  "macro_f1": 0.6865203761755485,
  "balanced_accuracy": 0.6770833333333334,
  "n_test": 100
}