{
  "accuracy": 0.9382222222222222,
  "macro_f1": 0.5470763412823632,
  "balanced_accuracy": 0.5140771250607663,
  "n_test": 4500
}