{
  "accuracy": 0.9677777777777777,
  "macro_f1": 0.9673529958988213,
  "balanced_accuracy": 0.9677777777777777,
  "n_test": 900
}