{
  "accuracy": 0.9388888888888889,
  "macro_f1": 0.5580480502459347,
  "balanced_accuracy": 0.5251551146630902,
  "n_test": 4500
}