{
  "accuracy": 0.9850746268656716,
  "macro_f1": 0.9850723715910186,
  "balanced_accuracy": 0.9850861776585577,
  "n_test": 1139
}