{
  "accuracy": 0.9182222222222223,
  "macro_f1": 0.5126238704399144,
  "balanced_accuracy": 0.49698593052858886,
  "n_test": 4500
}