{
  "accuracy": 0.961369622475856,
  "macro_f1": 0.9613242784380305,
  "balanced_accuracy": 0.9614004254925539,
  "n_test": 1139
}