{
  "accuracy": 0.9155555555555556,
  "macro_f1": 0.4197740880404738,
  "balanced_accuracy": 0.41273356726979216,
  "n_test": 4500
}