{
  "accuracy": 0.7857142857142857,
  "macro_f1": 0.7846153846153847,
  "balanced_accuracy": 0.7948717948717949,
  "n_test": 28
}