{
  "accuracy": 0.78,
  "macro_f1": 0.7472426470588236,
  "balanced_accuracy": 0.7369791666666667,
  "n_test": 100
}