{
  "accuracy": 0.5829675153643546,
  "macro_f1": 0.57972797771496,
  "balanced_accuracy": 0.5830450467116826,
  "n_test": 1139
}