{
  "accuracy": 0.5866666666666667,
  "macro_f1": 0.49467507063681804,
  "balanced_accuracy": 0.5810810810810811,
  "n_test": 150
}