{
  "accuracy": 0.7196485623003195,
  "macro_f1": 0.6786915211359258,
  "balanced_accuracy": 0.6959663649784966,
  "n_test": 1252
}