{
  "accuracy": 0.9273162939297125,
  "macro_f1": 0.9263825880075445,
  "balanced_accuracy": 0.924163296745619,
  "n_test": 1252
}