{
  "accuracy": 0.9436345966958212,
  "macro_f1": 0.9435833932014974,
  "balanced_accuracy": 0.9437304501563988,
  "n_test": 1029
}