{
  "accuracy": 0.9266666666666666,
  "macro_f1": 0.38097282871822785,
  "balanced_accuracy": 0.39428666508655874,
  "n_test": 4500
}