{
  "accuracy": 0.98,
  "macro_f1": 0.9799991110716032,
  "balanced_accuracy": 0.9802631578947368,
  "n_test": 150
}