{
  "accuracy": 0.9444444444444444,
  "macro_f1": 0.6101179387941003,
  "balanced_accuracy": 0.5546152737949486,
  "n_test": 4500
}