{
  "accuracy": 0.9244444444444444,
  "macro_f1": 0.9246251852555388,
  "balanced_accuracy": 0.9244428641272945,
  "n_test": 900
}