{
  "accuracy": 0.9251700680272109,
  "macro_f1": 0.9251630002049605,
  "balanced_accuracy": 0.9252062650165465,
  "n_test": 1029
}