{
  "accuracy": 0.9386666666666666,
  "macro_f1": 0.6052711983680362,
  "balanced_accuracy": 0.5772120321176554,
  "n_test": 4500
}