{
  "accuracy": 0.6466666666666666,
  "macro_f1": 0.6430976430976432,
  "balanced_accuracy": 0.6481152204836416,
  "n_test": 150
}