{
  "accuracy": 0.6505706760316067,
  "macro_f1": 0.6469718774920254,
  "balanced_accuracy": 0.6504825332223353,
  "n_test": 1139
}