{
  "accuracy": 0.9985399091499026,
  "macro_f1": 0.9961998385157422,
  "balanced_accuracy": 0.9952159449359896,
  "n_test": 6164
}