{
  "accuracy": 0.956268221574344,
  "macro_f1": 0.956264091028873,
  "balanced_accuracy": 0.9562480166825332,
  "n_test": 1029
}