{
  "accuracy": 0.9233333333333333,
  "macro_f1": 0.5213123165890418,
  "balanced_accuracy": 0.48623897768444735,
  "n_test": 4500
}