{
  "accuracy": 0.3333333333333333,
  "macro_f1": 0.16666666666666666,
  "balanced_accuracy": 0.3333333333333333,
  "n_test": 900
}