{
  "accuracy": 0.92,
  "macro_f1": 0.9209950952076937,
  "balanced_accuracy": 0.9294503691550452,
  "n_test": 175
}