{
  "accuracy": 0.9657594381035997,
  "macro_f1": 0.965721283732947,
  "balanced_accuracy": 0.9657894736842105,
  "n_test": 1139
}