{
  "accuracy": 0.8552412645590682,
  "macro_f1": 0.8552396614589822,
  "balanced_accuracy": 0.8731778425655976,
  "n_test": 601
}