{
  "accuracy": 0.4536741214057508,
  "macro_f1": 0.37748571594725444,
  "balanced_accuracy": 0.4840233647859298,
  "n_test": 1252
}