{
  "accuracy": 0.9561018437225637,
  "macro_f1": 0.9561001856202862,
  "balanced_accuracy": 0.9560971849659298,
  "n_test": 1139
}