{
  "accuracy": 0.9785853341985724,
  "macro_f1": 0.9394289866120349,
  "balanced_accuracy": 0.9040566500812861,
  "n_test": 6164
}