{
  "accuracy": 0.8114285714285714,
  "macro_f1": 0.8066103598525114,
  "balanced_accuracy": 0.8070367332057242,
  "n_test": 175
}