{
  "accuracy": 0.8003194888178914,
  "macro_f1": 0.7863632888859767,
  "balanced_accuracy": 0.785123563771744,
  "n_test": 1252
}