{
  "accuracy": 0.8769968051118211,
  "macro_f1": 0.8768711236448722,
  "balanced_accuracy": 0.8849194428397201,
  "n_test": 1252
}