{
  "accuracy": 0.75,
  "macro_f1": 0.7470967741935484,
  "balanced_accuracy": 0.7615384615384615,
  "n_test": 28
}