{
  "accuracy": 0.9280855199222546,
  "macro_f1": 0.9279711680351129,
  "balanced_accuracy": 0.9282095743234053,
  "n_test": 1029
}