{
  "accuracy": 0.8733333333333333,
  "macro_f1": 0.8731924360400445,
  "balanced_accuracy": 0.8739331436699858,
  "n_test": 150
}