{
  "accuracy": 0.8354632587859425,
  "macro_f1": 0.8331949284304366,
  "balanced_accuracy": 0.8314294884138904,
  "n_test": 1252
}