{
  "accuracy": 0.78,
  "macro_f1": 0.7822840861578308,
  "balanced_accuracy": 0.7796537130045286,
  "n_test": 900
}