{
  "accuracy": 0.9853990914990266,
  "macro_f1": 0.9604974771533916,
  "balanced_accuracy": 0.9422451382137832,
  "n_test": 6164
}