{
  "accuracy": 0.8733333333333333,
  "macro_f1": 0.8730568794263062,
  "balanced_accuracy": 0.8741109530583215,
  "n_test": 150
}