{
  "accuracy": 0.8226837060702875,
  "macro_f1": 0.8123354228165081,
  "balanced_accuracy": 0.8092611849284292,
  "n_test": 1252
}