{
  "accuracy": 0.8266666666666667,
  "macro_f1": 0.8204089150856511,
  "balanced_accuracy": 0.8243243243243243,
  "n_test": 150
}