{
  "accuracy": 0.9356060606060606,
  "macro_f1": 0.9356015884941504,
  "balanced_accuracy": 0.9362888047817004,
  "n_test": 1320
}