{
  "accuracy": 0.6788685524126455,
  "macro_f1": 0.6681524416585369,
  "balanced_accuracy": 0.7186588921282799,
  "n_test": 601
}