{
  "accuracy": 0.924,
  "macro_f1": 0.401700852291099,
  "balanced_accuracy": 0.4066206547460866,
  "n_test": 4500
}