{
  "accuracy": 0.9802076573653472,
  "macro_f1": 0.9444273491388548,
  "balanced_accuracy": 0.9115754470737674,
  "n_test": 6164
}