{
  "accuracy": 0.9736611062335382,
  "macro_f1": 0.9736440207330619,
  "balanced_accuracy": 0.9736842105263157,
  "n_test": 1139
}