{
  "accuracy": 0.9289137380191693,
  "macro_f1": 0.9279200721911902,
  "balanced_accuracy": 0.9253931574555492,
  "n_test": 1252
}