{
  "accuracy": 0.9951330304996755,
  "macro_f1": 0.9872054173973113,
  "balanced_accuracy": 0.981409333481002,
  "n_test": 6164
}