{
  "accuracy": 0.7287853577371048,
  "macro_f1": 0.7287372936032586,
  "balanced_accuracy": 0.7455816213528601,
  "n_test": 601
}