{
  "accuracy": 0.9404444444444444,
  "macro_f1": 0.5636328746526832,
  "balanced_accuracy": 0.5329663100495378,
  "n_test": 4500
}