{
  "accuracy": 0.931060606060606,
  "macro_f1": 0.9309492863552409,
  "balanced_accuracy": 0.9307253210895328,
  "n_test": 1320
}