{
  "accuracy": 0.9798068481123793,
  "macro_f1": 0.9798068481123793,
  "balanced_accuracy": 0.9798076033669412,
  "n_test": 1139
}