{
  "accuracy": 0.9630709426627794,
  "macro_f1": 0.9630700707205029,
  "balanced_accuracy": 0.963093295253638,
  "n_test": 1029
}