{
  "accuracy": 0.9333333333333333,
  "macro_f1": 0.9329037869664124,
  "balanced_accuracy": 0.9334068180808036,
  "n_test": 900
}