{
  "accuracy": 0.7753743760399334,
  "macro_f1": 0.7738088268502179,
  "balanced_accuracy": 0.8032069970845481,
  "n_test": 601
}