{
  "accuracy": 0.8914285714285715,
  "macro_f1": 0.8924929136710343,
  "balanced_accuracy": 0.9038373894813599,
  "n_test": 175
}