{
  "accuracy": 0.8844444444444445,
  "macro_f1": 0.8857012536979826,
  "balanced_accuracy": 0.8845301766498265,
  "n_test": 900
}