{
  "accuracy": 0.8369384359400999,
  "macro_f1": 0.8343588993632867,
  "balanced_accuracy": 0.836011481004362,
  "n_test": 601
}