{
  "accuracy": 0.908485856905158,
  "macro_f1": 0.9082572626775947,
  "balanced_accuracy": 0.9198250728862973,
  "n_test": 601
}