{
  "accuracy": 0.8586261980830671,
  "macro_f1": 0.8536439424809942,
  "balanced_accuracy": 0.8493882790936518,
  "n_test": 1252
}