{
  "accuracy": 0.9426666666666667,
  "macro_f1": 0.5517101350457705,
  "balanced_accuracy": 0.5125078722197794,
  "n_test": 4500
}