{
  "accuracy": 0.95,
  "macro_f1": 0.9494262652366241,
  "balanced_accuracy": 0.9500735835172921,
  "n_test": 900
}