{
  "accuracy": 0.9988643737832577,
  "macro_f1": 0.9970443188455773,
  "balanced_accuracy": 0.9960587502580783,
  "n_test": 6164
}