{
  "accuracy": 0.9885864793678666,
  "macro_f1": 0.9885859162833579,
  "balanced_accuracy": 0.9885934079486942,
  "n_test": 1139
}