{
  "accuracy": 0.9811111111111112,
  "macro_f1": 0.9811452449832392,
  "balanced_accuracy": 0.9811256302749257,
  "n_test": 900
}