{
  "accuracy": 0.8977635782747604,
  "macro_f1": 0.8966143682906689,
  "balanced_accuracy": 0.8949945439373516,
  "n_test": 1252
}