{
  "accuracy": 0.8053244592346089,
  "macro_f1": 0.8048381769687012,
  "balanced_accuracy": 0.8289658055913396,
  "n_test": 601
}