{
  "accuracy": 0.9965931213497728,
  "macro_f1": 0.9910737429892534,
  "balanced_accuracy": 0.9868543426214198,
  "n_test": 6164
}