{
  "accuracy": 0.88,
  "macro_f1": 0.8809595915895128,
  "balanced_accuracy": 0.8868836022240453,
  "n_test": 175
}