{
  "accuracy": 0.8,
  "macro_f1": 0.7854997854997855,
  "balanced_accuracy": 0.7890625,
  "n_test": 100
}