{
  "accuracy": 0.9975665152498377,
  "macro_f1": 0.9936495573543669,
  "balanced_accuracy": 0.9913656208169086,
  "n_test": 6164
}