{
  "accuracy": 0.8033362598770851,
  "macro_f1": 0.7997224298067684,
  "balanced_accuracy": 0.8034548145407455,
  "n_test": 1139
}