{
  "accuracy": 0.9387755102040817,
  "macro_f1": 0.938700480830603,
  "balanced_accuracy": 0.9388854889160887,
  "n_test": 1029
}