{
  "accuracy": 0.9969175859831279,
  "macro_f1": 0.9919238627045626,
  "balanced_accuracy": 0.9876971479435085,
  "n_test": 6164
}