{
  "accuracy": 0.8920105355575065,
  "macro_f1": 0.8919452356546709,
  "balanced_accuracy": 0.8920328060925601,
  "n_test": 1139
}