{
  "accuracy": 0.884185303514377,
  "macro_f1": 0.8837223453063321,
  "balanced_accuracy": 0.884666538288722,
  "n_test": 1252
}