{
  "accuracy": 0.9990266060999351,
  "macro_f1": 0.9974615108375862,
  "balanced_accuracy": 0.9954887218045112,
  "n_test": 6164
}