{
  "accuracy": 0.9385425812115891,
  "macro_f1": 0.9383162096923934,
  "balanced_accuracy": 0.9385964912280702,
  "n_test": 1139
}