{
  "accuracy": 0.9677777777777777,
  "macro_f1": 0.9677443565290992,
  "balanced_accuracy": 0.9677777777777777,
  "n_test": 900
}