{
  "accuracy": 0.9,
  "macro_f1": 0.898989898989899,
  "balanced_accuracy": 0.8988264580369844,
  "n_test": 150
}