{
  "accuracy": 0.8114285714285714,
  "macro_f1": 0.80945114696364,
  "balanced_accuracy": 0.8157870750159512,
  "n_test": 175
}