{
  "accuracy": 0.6433333333333333,
  "macro_f1": 0.6208875710156329,
  "balanced_accuracy": 0.6424981357196122,
  "n_test": 900
}