{
  "accuracy": 0.9313099041533547,
  "macro_f1": 0.9305377786952932,
  "balanced_accuracy": 0.9287476731497528,
  "n_test": 1252
}