{
  "accuracy": 0.9666666666666667,
  "macro_f1": 0.9666315581603513,
  "balanced_accuracy": 0.9667255334805004,
  "n_test": 900
}