{
  "accuracy": 0.7629499561018437,
  "macro_f1": 0.7556399938975552,
  "balanced_accuracy": 0.7631023957080751,
  "n_test": 1139
}