{
  "accuracy": 0.9973661106233538,
  "macro_f1": 0.9973661025023182,
  "balanced_accuracy": 0.9973684210526316,
  "n_test": 1139
}