{
  "accuracy": 0.62,
  "macro_f1": 0.5504495504495505,
  "balanced_accuracy": 0.6148648648648649,
  "n_test": 150
}