{
  "accuracy": 0.7466666666666667,
  "macro_f1": 0.7450348899624262,
  "balanced_accuracy": 0.7478662873399715,
  "n_test": 150
}