{
  "accuracy": 0.25142857142857145,
  "macro_f1": 0.18383097607822596,
  "balanced_accuracy": 0.27672955974842767,
  "n_test": 175
}