{
  "accuracy": 0.902555910543131,
  "macro_f1": 0.9021762242061713,
  "balanced_accuracy": 0.9032132999550677,
  "n_test": 1252
}