{
  "accuracy": 0.8384547848990342,
  "macro_f1": 0.8384397163120567,
  "balanced_accuracy": 0.8384639102149045,
  "n_test": 1139
}