{
  "accuracy": 0.924,
  "macro_f1": 0.4275551301094301,
  "balanced_accuracy": 0.4208463072749238,
  "n_test": 4500
}