{
  "accuracy": 0.920926517571885,
  "macro_f1": 0.920180981838063,
  "balanced_accuracy": 0.9189922331343475,
  "n_test": 1252
}