{
  "accuracy": 0.981829980532122,
  "macro_f1": 0.9504959241858411,
  "balanced_accuracy": 0.9296695092887702,
  "n_test": 6164
}