{
  "accuracy": 0.8274760383386581,
  "macro_f1": 0.8179776914440793,
  "balanced_accuracy": 0.8145863020733037,
  "n_test": 1252
}