{
  "accuracy": 0.3142857142857143,
  "macro_f1": 0.288544369486248,
  "balanced_accuracy": 0.3327864369701941,
  "n_test": 175
}