{
  "accuracy": 0.7257142857142858,
  "macro_f1": 0.7265351932018599,
  "balanced_accuracy": 0.7447816972017137,
  "n_test": 175
}