{
  "accuracy": 0.9384444444444444,
  "macro_f1": 0.5387105821513782,
  "balanced_accuracy": 0.5077789889605054,
  "n_test": 4500
}