{
  "accuracy": 0.76,
  "macro_f1": 0.7023809523809523,
  "balanced_accuracy": 0.6909722222222222,
  "n_test": 100
}