{
  "accuracy": 0.8746006389776357,
  "macro_f1": 0.8744660156352282,
  "balanced_accuracy": 0.8825714102317221,
  "n_test": 1252
}