{
  "accuracy": 0.9947322212467077,
  "macro_f1": 0.9947320222744344,
  "balanced_accuracy": 0.9947275922671353,
  "n_test": 1139
}