{
  "accuracy": 0.9177777777777778,
  "macro_f1": 0.9179886941856846,
  "balanced_accuracy": 0.9179386738176017,
  "n_test": 900
}