{
  "accuracy": 0.7542857142857143,
  "macro_f1": 0.7501248784579895,
  "balanced_accuracy": 0.7543523835566495,
  "n_test": 175
}