{
  "accuracy": 0.9085714285714286,
  "macro_f1": 0.9094876126126126,
  "balanced_accuracy": 0.9168717528028439,
  "n_test": 175
}