{
  "accuracy": 0.9465500485908649,
  "macro_f1": 0.9465427785287008,
  "balanced_accuracy": 0.9465920939299153,
  "n_test": 1029
}