{
  "accuracy": 0.8519134775374376,
  "macro_f1": 0.8519069175076484,
  "balanced_accuracy": 0.870262390670554,
  "n_test": 601
}