{
  "accuracy": 0.9543245869776482,
  "macro_f1": 0.9543202728523785,
  "balanced_accuracy": 0.9543043655650755,
  "n_test": 1029
}