{
  "accuracy": 0.9404444444444444,
  "macro_f1": 0.6115686365447146,
  "balanced_accuracy": 0.5679881477809158,
  "n_test": 4500
}