{
  "accuracy": 0.7333333333333333,
  "macro_f1": 0.7188905547226387,
  "balanced_accuracy": 0.7364864864864865,
  "n_test": 150
}