{
  "accuracy": 0.934,
  "macro_f1": 0.45092745177343263,
  "balanced_accuracy": 0.4350688559329364,
  "n_test": 4500
}