{
  "accuracy": 0.5513608428446005,
  "macro_f1": 0.43885729270811136,
  "balanced_accuracy": 0.5517543859649123,
  "n_test": 1139
}