{
  "accuracy": 0.9175555555555556,
  "macro_f1": 0.5178421516458617,
  "balanced_accuracy": 0.4787608393145538,
  "n_test": 4500
}