{
  "accuracy": 0.9212121212121213,
  "macro_f1": 0.9210700618192522,
  "balanced_accuracy": 0.9207944682288542,
  "n_test": 1320
}