{
  "accuracy": 0.8914285714285715,
  "macro_f1": 0.8930592396109637,
  "balanced_accuracy": 0.8994622185762465,
  "n_test": 175
}