{
  "accuracy": 0.9988643737832577,
  "macro_f1": 0.9970482301866008,
  "balanced_accuracy": 0.996719704334486,
  "n_test": 6164
}