{
  "accuracy": 0.8722044728434505,
  "macro_f1": 0.8721884913494986,
  "balanced_accuracy": 0.876700686822004,
  "n_test": 1252
}