{
  "accuracy": 0.7,
  "macro_f1": 0.6000000000000001,
  "balanced_accuracy": 0.6076388888888888,
  "n_test": 100
}