{
  "accuracy": 0.9384984025559105,
  "macro_f1": 0.9378791774358697,
  "balanced_accuracy": 0.9364208229026253,
  "n_test": 1252
}