{
  "accuracy": 0.9633333333333334,
  "macro_f1": 0.9630009741262328,
  "balanced_accuracy": 0.9633627667402501,
  "n_test": 900
}