{
  "accuracy": 0.924,
  "macro_f1": 0.3875655686939212,
  "balanced_accuracy": 0.39868270168349895,
  "n_test": 4500
}