{
  "accuracy": 0.9938351719662557,
  "macro_f1": 0.9836617281883876,
  "balanced_accuracy": 0.9740723877342019,
  "n_test": 6164
}