{
  "accuracy": 0.9788888888888889,
  "macro_f1": 0.9789184506684325,
  "balanced_accuracy": 0.978962472406181,
  "n_test": 900
}