{
  "accuracy": 0.9297777777777778,
  "macro_f1": 0.5391905035001787,
  "balanced_accuracy": 0.5168965924384226,
  "n_test": 4500
}