{
  "accuracy": 0.9384444444444444,
  "macro_f1": 0.5387993456292437,
  "balanced_accuracy": 0.505231194988279,
  "n_test": 4500
}