{
  "accuracy": 0.7942857142857143,
  "macro_f1": 0.7804232804232804,
  "balanced_accuracy": 0.7867104183757178,
  "n_test": 175
}