{
  "accuracy": 0.9935107073329007,
  "macro_f1": 0.9829176129553444,
  "balanced_accuracy": 0.9765343527941512,
  "n_test": 6164
}