{
  "accuracy": 0.8349429323968394,
  "macro_f1": 0.8319900825408781,
  "balanced_accuracy": 0.8350599697838621,
  "n_test": 1139
}