{
  "accuracy": 0.9477777777777778,
  "macro_f1": 0.9467597849950792,
  "balanced_accuracy": 0.947777679007956,
  "n_test": 900
}