{
  "accuracy": 0.9776119402985075,
  "macro_f1": 0.9367690544259253,
  "balanced_accuracy": 0.9021891881914279,
  "n_test": 6164
}