{
  "accuracy": 0.9303030303030303,
  "macro_f1": 0.9302323978132131,
  "balanced_accuracy": 0.9302323978132131,
  "n_test": 1320
}