{
  "accuracy": 0.7870216306156406,
  "macro_f1": 0.7866524671636492,
  "balanced_accuracy": 0.8090887517797817,
  "n_test": 601
}