{
  "accuracy": 0.9494655004859086,
  "macro_f1": 0.9494482654372307,
  "balanced_accuracy": 0.9494197379754296,
  "n_test": 1029
}