{
  "accuracy": 0.9266666666666666,
  "macro_f1": 0.5273518426359789,
  "balanced_accuracy": 0.49516573953244347,
  "n_test": 4500
}