{
  "accuracy": 0.9446064139941691,
  "macro_f1": 0.9445988795661082,
  "balanced_accuracy": 0.9446484428124575,
  "n_test": 1029
}