{
  "accuracy": 0.8889776357827476,
  "macro_f1": 0.8883071956459652,
  "balanced_accuracy": 0.8883561204185121,
  "n_test": 1252
}