{
  "accuracy": 0.8628571428571429,
  "macro_f1": 0.8641491364137676,
  "balanced_accuracy": 0.8694740679974479,
  "n_test": 175
}