{
  "accuracy": 0.8053244592346089,
  "macro_f1": 0.8047709875977644,
  "balanced_accuracy": 0.8294460641399417,
  "n_test": 601
}