{
  "accuracy": 0.9413333333333334,
  "macro_f1": 0.6191360396256217,
  "balanced_accuracy": 0.5772408196692878,
  "n_test": 4500
}