{
  "accuracy": 0.7537437603993344,
  "macro_f1": 0.7523553912288126,
  "balanced_accuracy": 0.7799342328293444,
  "n_test": 601
}