{
  "accuracy": 0.9788888888888889,
  "macro_f1": 0.978938799358234,
  "balanced_accuracy": 0.978918124756162,
  "n_test": 900
}