{
  "accuracy": 0.8788888888888889,
  "macro_f1": 0.8788713730003389,
  "balanced_accuracy": 0.8792934006943519,
  "n_test": 900
}