{
  "accuracy": 0.9888888888888889,
  "macro_f1": 0.988861957244771,
  "balanced_accuracy": 0.9888888888888889,
  "n_test": 900
}