{
  "accuracy": 0.8036605657237936,
  "macro_f1": 0.8023467112597548,
  "balanced_accuracy": 0.8082977376997311,
  "n_test": 601
}