{
  "accuracy": 0.9367720465890182,
  "macro_f1": 0.9363489409141583,
  "balanced_accuracy": 0.9441261554455669,
  "n_test": 601
}