{
  "accuracy": 0.9446969696969697,
  "macro_f1": 0.9446664511361007,
  "balanced_accuracy": 0.9449063445774992,
  "n_test": 1320
}