{
  "accuracy": 0.9824407374890255,
  "macro_f1": 0.9824368249973786,
  "balanced_accuracy": 0.9824545987111892,
  "n_test": 1139
}