{
  "accuracy": 0.9785853341985724,
  "macro_f1": 0.9391594630915039,
  "balanced_accuracy": 0.9020737878520633,
  "n_test": 6164
}