{
  "accuracy": 0.942,
  "macro_f1": 0.6103586647315452,
  "balanced_accuracy": 0.5608977363640453,
  "n_test": 4500
}