{
  "accuracy": 0.9037900874635568,
  "macro_f1": 0.9035437637351973,
  "balanced_accuracy": 0.903650437463167,
  "n_test": 1029
}