{
  "accuracy": 0.7428571428571429,
  "macro_f1": 0.735827723678191,
  "balanced_accuracy": 0.7344818156959256,
  "n_test": 175
}