{
  "accuracy": 0.9435555555555556,
  "macro_f1": 0.5550550122641725,
  "balanced_accuracy": 0.5160789220059595,
  "n_test": 4500
}