{
  "accuracy": 0.944,
  "macro_f1": 0.6146025686286583,
  "balanced_accuracy": 0.5701432283300287,
  "n_test": 4500
}