{
  "accuracy": 0.8714057507987221,
  "macro_f1": 0.8713761284069163,
  "balanced_accuracy": 0.8779729122536748,
  "n_test": 1252
}