{
  "accuracy": 0.6228571428571429,
  "macro_f1": 0.6156504375254376,
  "balanced_accuracy": 0.6169902470148574,
  "n_test": 175
}