{
  "accuracy": 0.9212121212121213,
  "macro_f1": 0.9211322757888496,
  "balanced_accuracy": 0.9211322757888496,
  "n_test": 1320
}