{
  "accuracy": 0.78,
  "macro_f1": 0.7726333195535345,
  "balanced_accuracy": 0.7916666666666667,
  "n_test": 100
}