{
  "accuracy": 0.9980532121998702,
  "macro_f1": 0.9949230216751722,
  "balanced_accuracy": 0.9929603058382453,
  "n_test": 6164
}