{
  "accuracy": 0.8,
  "macro_f1": 0.7802197802197802,
  "balanced_accuracy": 0.7769097222222222,
  "n_test": 100
}