{
  "accuracy": 0.7787532923617209,
  "macro_f1": 0.7732781881718052,
  "balanced_accuracy": 0.7788903277525977,
  "n_test": 1139
}