{
  "accuracy": 0.9611273080660836,
  "macro_f1": 0.961122865346834,
  "balanced_accuracy": 0.9611666440001814,
  "n_test": 1029
}