{
  "accuracy": 0.8286189683860233,
  "macro_f1": 0.8284651002973312,
  "balanced_accuracy": 0.8498542274052479,
  "n_test": 601
}