{
  "accuracy": 0.9972420506164829,
  "macro_f1": 0.9927546007158417,
  "balanced_accuracy": 0.9872180451127819,
  "n_test": 6164
}