{
  "accuracy": 0.9395555555555556,
  "macro_f1": 0.6072139307170283,
  "balanced_accuracy": 0.5664450695340201,
  "n_test": 4500
}