{
  "accuracy": 0.9342222222222222,
  "macro_f1": 0.5618760314252585,
  "balanced_accuracy": 0.5385812440908511,
  "n_test": 4500
}