{
  "accuracy": 0.9333333333333333,
  "macro_f1": 0.9332837096462934,
  "balanced_accuracy": 0.9334105464899036,
  "n_test": 1320
}