{
  "accuracy": 0.9970798182998053,
  "macro_f1": 0.9923743973511354,
  "balanced_accuracy": 0.9897709357955718,
  "n_test": 6164
}