{
  "accuracy": 0.9345047923322684,
  "macro_f1": 0.9337227438463842,
  "balanced_accuracy": 0.9317106361127159,
  "n_test": 1252
}