{
  "accuracy": 0.9033333333333333,
  "macro_f1": 0.48577534246103066,
  "balanced_accuracy": 0.4520755804139546,
  "n_test": 4500
}