{
  "accuracy": 0.8177777777777778,
  "macro_f1": 0.8139983037624793,
  "balanced_accuracy": 0.818579838116262,
  "n_test": 900
}