{
  "accuracy": 0.9866666666666667,
  "macro_f1": 0.9866666666666667,
  "balanced_accuracy": 0.986842105263158,
  "n_test": 150
}