{
  "accuracy": 0.8378594249201278,
  "macro_f1": 0.8355299899113637,
  "balanced_accuracy": 0.8336517106361128,
  "n_test": 1252
}