{
  "accuracy": 0.9428888888888889,
  "macro_f1": 0.624402581479128,
  "balanced_accuracy": 0.5802547721586588,
  "n_test": 4500
}