{
  "accuracy": 0.9001597444089456,
  "macro_f1": 0.8989852699223315,
  "balanced_accuracy": 0.8972167661595738,
  "n_test": 1252
}