{
  "accuracy": 0.9356060606060606,
  "macro_f1": 0.9355705252954597,
  "balanced_accuracy": 0.9358062225531358,
  "n_test": 1320
}