{
  "accuracy": 0.77,
  "macro_f1": 0.7178260336155073,
  "balanced_accuracy": 0.7048611111111112,
  "n_test": 100
}