{
  "accuracy": 0.79,
  "macro_f1": 0.7851662404092072,
  "balanced_accuracy": 0.8116319444444444,
  "n_test": 100
}