{
  "accuracy": 0.86,
  "macro_f1": 0.8440285204991087,
  "balanced_accuracy": 0.8359375,
  "n_test": 100
}