{
  "accuracy": 0.9917261518494485,
  "macro_f1": 0.9777546476987753,
  "balanced_accuracy": 0.9616541353383459,
  "n_test": 6164
}