{
  "accuracy": 0.9411111111111111,
  "macro_f1": 0.5882797042604406,
  "balanced_accuracy": 0.5458242914529524,
  "n_test": 4500
}