{
  "accuracy": 0.9348888888888889,
  "macro_f1": 0.5424337442455704,
  "balanced_accuracy": 0.5104870743063428,
  "n_test": 4500
}