{
  "accuracy": 0.9572400388726919,
  "macro_f1": 0.9572351518815173,
  "balanced_accuracy": 0.9572793417652659,
  "n_test": 1029
}