{
  "accuracy": 0.9033333333333333,
  "macro_f1": 0.9033254259369276,
  "balanced_accuracy": 0.9037008558405065,
  "n_test": 900
}