{
  "accuracy": 0.9640427599611273,
  "macro_f1": 0.9640340643406056,
  "balanced_accuracy": 0.9640962872297021,
  "n_test": 1029
}