{
  "accuracy": 0.9369009584664537,
  "macro_f1": 0.9362656495770612,
  "balanced_accuracy": 0.9348135310353681,
  "n_test": 1252
}