{
  "accuracy": 0.6933333333333334,
  "macro_f1": 0.6698564593301435,
  "balanced_accuracy": 0.6970128022759602,
  "n_test": 150
}