{
  "accuracy": 0.995619727449708,
  "macro_f1": 0.9884304604479035,
  "balanced_accuracy": 0.9803602021967084,
  "n_test": 6164
}