{
  "accuracy": 0.9972420506164829,
  "macro_f1": 0.9927643065454272,
  "balanced_accuracy": 0.9878789991891895,
  "n_test": 6164
}