{
  "accuracy": 0.5428571428571428,
  "macro_f1": 0.550132698232305,
  "balanced_accuracy": 0.5478990064716069,
  "n_test": 175
}