{
  "accuracy": 0.991239454899416,
  "macro_f1": 0.9770006293360132,
  "balanced_accuracy": 0.971956623692346,
  "n_test": 6164
}