{
  "accuracy": 0.9090909090909091,
  "macro_f1": 0.9089987797563649,
  "balanced_accuracy": 0.9089987797563649,
  "n_test": 1320
}