{
  "accuracy": 0.9544444444444444,
  "macro_f1": 0.9539220741164138,
  "balanced_accuracy": 0.9544812362030904,
  "n_test": 900
}