{
  "accuracy": 0.7933333333333333,
  "macro_f1": 0.7899634129816162,
  "balanced_accuracy": 0.7917852062588905,
  "n_test": 150
}