{
  "accuracy": 0.9454545454545454,
  "macro_f1": 0.9453882239910267,
  "balanced_accuracy": 0.945302751408106,
  "n_test": 1320
}