{
  "accuracy": 0.9233333333333333,
  "macro_f1": 0.42877792159409844,
  "balanced_accuracy": 0.4183503980161274,
  "n_test": 4500
}