{
  "accuracy": 0.9358600583090378,
  "macro_f1": 0.9357770229377231,
  "balanced_accuracy": 0.9359728455505689,
  "n_test": 1029
}