{
  "accuracy": 0.75,
  "macro_f1": 0.7234207323819006,
  "balanced_accuracy": 0.7196180555555556,
  "n_test": 100
}