{
  "accuracy": 0.9611111111111111,
  "macro_f1": 0.9607395773049522,
  "balanced_accuracy": 0.961088640976636,
  "n_test": 900
}