{
  "accuracy": 0.9987021414665801,
  "macro_f1": 0.9966243154435925,
  "balanced_accuracy": 0.9959678246352378,
  "n_test": 6164
}