{
  "accuracy": 0.8053244592346089,
  "macro_f1": 0.8041772839299888,
  "balanced_accuracy": 0.8107159807444573,
  "n_test": 601
}