{
  "accuracy": 0.38977635782747605,
  "macro_f1": 0.3374009420892214,
  "balanced_accuracy": 0.4143218435072854,
  "n_test": 1252
}