{
  "accuracy": 0.4685714285714286,
  "macro_f1": 0.46813641645667126,
  "balanced_accuracy": 0.45884604867377626,
  "n_test": 175
}