{
  "accuracy": 0.7942857142857143,
  "macro_f1": 0.791268805429461,
  "balanced_accuracy": 0.7940023698842403,
  "n_test": 175
}