{
  "accuracy": 0.6228571428571429,
  "macro_f1": 0.6310186794371709,
  "balanced_accuracy": 0.6344909306353114,
  "n_test": 175
}