{
  "accuracy": 0.6443148688046647,
  "macro_f1": 0.6247429295666869,
  "balanced_accuracy": 0.6449861734439458,
  "n_test": 1029
}