{
  "accuracy": 0.9348888888888889,
  "macro_f1": 0.4316905067449376,
  "balanced_accuracy": 0.423814032072213,
  "n_test": 4500
}