{
  "accuracy": 0.944,
  "macro_f1": 0.6149122490934823,
  "balanced_accuracy": 0.5635438426345483,
  "n_test": 4500
}