{
  "accuracy": 0.9514091350826045,
  "macro_f1": 0.9513925629204141,
  "balanced_accuracy": 0.9514710548982275,
  "n_test": 1029
}