{
  "accuracy": 0.9233226837060703,
  "macro_f1": 0.9222060266510637,
  "balanced_accuracy": 0.9195789203414853,
  "n_test": 1252
}