{
  "accuracy": 0.8735440931780366,
  "macro_f1": 0.8735157288435977,
  "balanced_accuracy": 0.8892128279883382,
  "n_test": 601
}