{
  "accuracy": 0.98,
  "macro_f1": 0.9800461454047263,
  "balanced_accuracy": 0.9800735835172922,
  "n_test": 900
}