{
  "accuracy": 0.8985024958402662,
  "macro_f1": 0.8983403812824957,
  "balanced_accuracy": 0.9110787172011662,
  "n_test": 601
}