{
  "accuracy": 0.9251247920133111,
  "macro_f1": 0.92479164407218,
  "balanced_accuracy": 0.934402332361516,
  "n_test": 601
}