{
  "accuracy": 0.9533527696793003,
  "macro_f1": 0.953342855199619,
  "balanced_accuracy": 0.9533183734530124,
  "n_test": 1029
}