{
  "accuracy": 0.8544444444444445,
  "macro_f1": 0.8547778336653775,
  "balanced_accuracy": 0.8544199001437099,
  "n_test": 900
}