{
  "accuracy": 0.6171428571428571,
  "macro_f1": 0.5888262011212831,
  "balanced_accuracy": 0.5932002552183028,
  "n_test": 175
}