{
  "accuracy": 0.9552964042759962,
  "macro_f1": 0.955291295148859,
  "balanced_accuracy": 0.9553356906478081,
  "n_test": 1029
}