{
  "accuracy": 0.8937699680511182,
  "macro_f1": 0.8927003973892295,
  "balanced_accuracy": 0.8914166506194235,
  "n_test": 1252
}