{
  "accuracy": 0.8951747088186356,
  "macro_f1": 0.8950340571694708,
  "balanced_accuracy": 0.9081632653061225,
  "n_test": 601
}