{
  "accuracy": 0.9850746268656716,
  "macro_f1": 0.985073890524391,
  "balanced_accuracy": 0.9850692196219899,
  "n_test": 1139
}