{
  "accuracy": 0.8937699680511182,
  "macro_f1": 0.8932057826237811,
  "balanced_accuracy": 0.8935554271776109,
  "n_test": 1252
}