{
  "accuracy": 0.9714285714285714,
  "macro_f1": 0.9731379731379732,
  "balanced_accuracy": 0.979591836734694,
  "n_test": 105
}