{
  "accuracy": 0.9578577699736611,
  "macro_f1": 0.9578030934518847,
  "balanced_accuracy": 0.9578901119230414,
  "n_test": 1139
}