{
  "accuracy": 0.9777777777777777,
  "macro_f1": 0.9777103745396428,
  "balanced_accuracy": 0.977785037359685,
  "n_test": 900
}