{
  "accuracy": 0.778702163061564,
  "macro_f1": 0.7773981090828077,
  "balanced_accuracy": 0.8056421904309896,
  "n_test": 601
}