{
  "accuracy": 0.9692712906057945,
  "macro_f1": 0.9692470166944767,
  "balanced_accuracy": 0.9692967039743472,
  "n_test": 1139
}