{
  "accuracy": 0.7028571428571428,
  "macro_f1": 0.703137442267877,
  "balanced_accuracy": 0.719624464497311,
  "n_test": 175
}