{
  "accuracy": 0.9348888888888889,
  "macro_f1": 0.5754684371881843,
  "balanced_accuracy": 0.5378852846004364,
  "n_test": 4500
}