{
  "accuracy": 0.8103161397670549,
  "macro_f1": 0.8099325329013072,
  "balanced_accuracy": 0.8333389834339051,
  "n_test": 601
}