{
  "accuracy": 0.990590525632706,
  "macro_f1": 0.9745782477313891,
  "balanced_accuracy": 0.956390977443609,
  "n_test": 6164
}