{
  "accuracy": 0.8043130990415336,
  "macro_f1": 0.7901741525803435,
  "balanced_accuracy": 0.7888272674754477,
  "n_test": 1252
}