{
  "accuracy": 0.6677777777777778,
  "macro_f1": 0.6443378796582098,
  "balanced_accuracy": 0.6662639821029083,
  "n_test": 900
}