{
  "accuracy": 0.9619047619047619,
  "macro_f1": 0.9639213832762221,
  "balanced_accuracy": 0.9706632653061226,
  "n_test": 105
}