{
  "accuracy": 0.9428571428571428,
  "macro_f1": 0.9435964772888842,
  "balanced_accuracy": 0.9495748299319728,
  "n_test": 105
}