{
  "accuracy": 0.8753993610223643,
  "macro_f1": 0.8746624500734139,
  "balanced_accuracy": 0.8747570447397137,
  "n_test": 1252
}