{
  "accuracy": 0.9451111111111111,
  "macro_f1": 0.6219313572097028,
  "balanced_accuracy": 0.5744329804730153,
  "n_test": 4500
}