{
  "accuracy": 0.9828033744321869,
  "macro_f1": 0.9519960690768061,
  "balanced_accuracy": 0.9209617059561068,
  "n_test": 6164
}