{
  "accuracy": 0.9397777777777778,
  "macro_f1": 0.576483691400004,
  "balanced_accuracy": 0.5265035066039707,
  "n_test": 4500
}