{
  "accuracy": 0.9640427599611273,
  "macro_f1": 0.9640415373935711,
  "balanced_accuracy": 0.9640679541230337,
  "n_test": 1029
}