{
  "accuracy": 0.9622222222222222,
  "macro_f1": 0.962090127202584,
  "balanced_accuracy": 0.9622222222222222,
  "n_test": 900
}