{
  "accuracy": 0.9386666666666666,
  "macro_f1": 0.5589320418699837,
  "balanced_accuracy": 0.5292632656900652,
  "n_test": 4500
}