{
  "accuracy": 0.5942857142857143,
  "macro_f1": 0.5990648169676303,
  "balanced_accuracy": 0.6001276091513992,
  "n_test": 175
}