{
  "accuracy": 0.9533527696793003,
  "macro_f1": 0.9533474384162007,
  "balanced_accuracy": 0.9533920395303503,
  "n_test": 1029
}