{
  "accuracy": 0.6971428571428572,
  "macro_f1": 0.6764766922094508,
  "balanced_accuracy": 0.6841673502871206,
  "n_test": 175
}