{
  "accuracy": 0.9395555555555556,
  "macro_f1": 0.5993439899857376,
  "balanced_accuracy": 0.5601769903848527,
  "n_test": 4500
}