{
  "accuracy": 0.9366666666666666,
  "macro_f1": 0.5864395441610426,
  "balanced_accuracy": 0.5554634775145871,
  "n_test": 4500
}