{
  "accuracy": 0.9416909620991254,
  "macro_f1": 0.9416154753979302,
  "balanced_accuracy": 0.9418037989029422,
  "n_test": 1029
}