{
  "accuracy": 0.9582118561710399,
  "macro_f1": 0.958201750449893,
  "balanced_accuracy": 0.958265333877329,
  "n_test": 1029
}