{
  "accuracy": 0.9436345966958212,
  "macro_f1": 0.9436226166995398,
  "balanced_accuracy": 0.9436851171857292,
  "n_test": 1029
}