{
  "accuracy": 0.9404444444444444,
  "macro_f1": 0.5603670284043603,
  "balanced_accuracy": 0.5292524840189061,
  "n_test": 4500
}