{
  "accuracy": 0.9582118561710399,
  "macro_f1": 0.958206172304257,
  "balanced_accuracy": 0.9582540006346616,
  "n_test": 1029
}