{
  "accuracy": 0.9169329073482428,
  "macro_f1": 0.91581930839014,
  "balanced_accuracy": 0.9135271840297836,
  "n_test": 1252
}