{
  "accuracy": 0.9073482428115016,
  "macro_f1": 0.9066274742767795,
  "balanced_accuracy": 0.9060222093844278,
  "n_test": 1252
}