{
  "accuracy": 0.7811111111111111,
  "macro_f1": 0.776203848568613,
  "balanced_accuracy": 0.7815315742428058,
  "n_test": 900
}