{
  "accuracy": 0.9983776768332252,
  "macro_f1": 0.9957579060958421,
  "balanced_accuracy": 0.9924812030075187,
  "n_test": 6164
}