{
  "accuracy": 0.9355555555555556,
  "macro_f1": 0.9342471545006691,
  "balanced_accuracy": 0.9355702722590141,
  "n_test": 900
}