{
  "accuracy": 0.9552964042759962,
  "macro_f1": 0.9552892680641407,
  "balanced_accuracy": 0.9553413572691418,
  "n_test": 1029
}