{
  "accuracy": 0.8685714285714285,
  "macro_f1": 0.8696626756328248,
  "balanced_accuracy": 0.8728465955701395,
  "n_test": 175
}