{
  "accuracy": 0.8228571428571428,
  "macro_f1": 0.8256499324566482,
  "balanced_accuracy": 0.829824081669857,
  "n_test": 175
}