{
  "accuracy": 0.42857142857142855,
  "macro_f1": 0.434307880940301,
  "balanced_accuracy": 0.42502962355300333,
  "n_test": 175
}