{
  "accuracy": 0.9633333333333334,
  "macro_f1": 0.9628003967084426,
  "balanced_accuracy": 0.9633333333333334,
  "n_test": 900
}