{
  "accuracy": 0.8302828618968386,
  "macro_f1": 0.8282741696920801,
  "balanced_accuracy": 0.8316213528600809,
  "n_test": 601
}