{
  "accuracy": 0.8634185303514377,
  "macro_f1": 0.8595800361393233,
  "balanced_accuracy": 0.855719879324732,
  "n_test": 1252
}