{
  "accuracy": 0.9931862426995457,
  "macro_f1": 0.9819663785890242,
  "balanced_accuracy": 0.9730477311664322,
  "n_test": 6164
}