{
  "accuracy": 0.98,
  "macro_f1": 0.9799991110716032,
  "balanced_accuracy": 0.9800853485064012,
  "n_test": 150
}