{
  "accuracy": 0.9789288849868305,
  "macro_f1": 0.9789284789284789,
  "balanced_accuracy": 0.978933493663861,
  "n_test": 1139
}