{
  "accuracy": 0.9364444444444444,
  "macro_f1": 0.5397288059482002,
  "balanced_accuracy": 0.5070844094567126,
  "n_test": 4500
}