{
  "accuracy": 0.8,
  "macro_f1": 0.7955106621773288,
  "balanced_accuracy": 0.7973748974569319,
  "n_test": 175
}