{
  "accuracy": 0.9373333333333334,
  "macro_f1": 0.5329929279018211,
  "balanced_accuracy": 0.5000301383983132,
  "n_test": 4500
}