{
  "accuracy": 0.9881570408825439,
  "macro_f1": 0.9677566250464782,
  "balanced_accuracy": 0.9464346901077024,
  "n_test": 6164
}