{
  "accuracy": 0.7831431079894644,
  "macro_f1": 0.7753607739522523,
  "balanced_accuracy": 0.7833071254586378,
  "n_test": 1139
}