{
  "accuracy": 0.9076773566569485,
  "macro_f1": 0.9076424666089088,
  "balanced_accuracy": 0.9076284056394215,
  "n_test": 1029
}