{
  "accuracy": 0.9591836734693877,
  "macro_f1": 0.9591771577976937,
  "balanced_accuracy": 0.9592286595040573,
  "n_test": 1029
}