{
  "accuracy": 0.9351081530782029,
  "macro_f1": 0.9347257613099962,
  "balanced_accuracy": 0.9431486880466473,
  "n_test": 601
}