{
  "accuracy": 0.9416909620991254,
  "macro_f1": 0.9416750428887763,
  "balanced_accuracy": 0.9417471326896052,
  "n_test": 1029
}