{
  "accuracy": 0.9168053244592346,
  "macro_f1": 0.9164888058871918,
  "balanced_accuracy": 0.9266334440753046,
  "n_test": 601
}