{
  "accuracy": 0.9382222222222222,
  "macro_f1": 0.577487848625885,
  "balanced_accuracy": 0.55236477108017,
  "n_test": 4500
}