{
  "accuracy": 0.8742857142857143,
  "macro_f1": 0.8752410175781167,
  "balanced_accuracy": 0.8820526843496491,
  "n_test": 175
}