{
  "accuracy": 0.9175555555555556,
  "macro_f1": 0.5285190981125483,
  "balanced_accuracy": 0.48752705874292435,
  "n_test": 4500
}