{
  "accuracy": 0.9300291545189504,
  "macro_f1": 0.930021157624301,
  "balanced_accuracy": 0.9300682261208577,
  "n_test": 1029
}