{
  "accuracy": 0.9514091350826045,
  "macro_f1": 0.9514035816835424,
  "balanced_accuracy": 0.9514483884128927,
  "n_test": 1029
}