{
  "accuracy": 0.52,
  "macro_f1": 0.3656015037593985,
  "balanced_accuracy": 0.5135135135135135,
  "n_test": 150
}