{
  "accuracy": 0.9068219633943427,
  "macro_f1": 0.9066045066045065,
  "balanced_accuracy": 0.9183673469387755,
  "n_test": 601
}