{
  "accuracy": 0.82,
  "macro_f1": 0.8069498069498069,
  "balanced_accuracy": 0.8107638888888888,
  "n_test": 100
}