{
  "accuracy": 0.8652246256239601,
  "macro_f1": 0.865170873297014,
  "balanced_accuracy": 0.8800031640563202,
  "n_test": 601
}