{
  "accuracy": 0.9866969500324465,
  "macro_f1": 0.9639585627007261,
  "balanced_accuracy": 0.9449554054257302,
  "n_test": 6164
}