{
  "accuracy": 0.9977777777777778,
  "macro_f1": 0.9977850627872152,
  "balanced_accuracy": 0.9977777777777778,
  "n_test": 900
}