{
  "accuracy": 0.9714471122647631,
  "macro_f1": 0.915868075772583,
  "balanced_accuracy": 0.8676691729323308,
  "n_test": 6164
}