{
  "accuracy": 0.9523809523809523,
  "macro_f1": 0.9523809523809523,
  "balanced_accuracy": 0.9523890475542862,
  "n_test": 1029
}