{
  "accuracy": 0.6577777777777778,
  "macro_f1": 0.6465757466144294,
  "balanced_accuracy": 0.6572238272318276,
  "n_test": 900
}