{
  "accuracy": 0.8785942492012779,
  "macro_f1": 0.87816863718192,
  "balanced_accuracy": 0.8793555427177611,
  "n_test": 1252
}