{
  "accuracy": 0.7761194029850746,
  "macro_f1": 0.7703848698851549,
  "balanced_accuracy": 0.7762587488052293,
  "n_test": 1139
}