{
  "accuracy": 0.9777777777777777,
  "macro_f1": 0.977787006198474,
  "balanced_accuracy": 0.9778365458217896,
  "n_test": 900
}