{
  "accuracy": 0.93,
  "macro_f1": 0.9235724424063763,
  "balanced_accuracy": 0.9210069444444444,
  "n_test": 100
}