{
  "accuracy": 0.7899361022364217,
  "macro_f1": 0.7726746469917756,
  "balanced_accuracy": 0.7731035368123755,
  "n_test": 1252
}