{
  "accuracy": 0.7877777777777778,
  "macro_f1": 0.7835528773454753,
  "balanced_accuracy": 0.7883075791022812,
  "n_test": 900
}