{
  "accuracy": 0.7133333333333334,
  "macro_f1": 0.6901868485518037,
  "balanced_accuracy": 0.7171052631578947,
  "n_test": 150
}