{
  "accuracy": 0.9622222222222222,
  "macro_f1": 0.961825380821146,
  "balanced_accuracy": 0.9622442972774098,
  "n_test": 900
}