{
  "accuracy": 0.8502495840266223,
  "macro_f1": 0.8502491694352159,
  "balanced_accuracy": 0.8673638890772255,
  "n_test": 601
}