{
  "accuracy": 0.8849840255591054,
  "macro_f1": 0.8843865989826882,
  "balanced_accuracy": 0.8847782271005842,
  "n_test": 1252
}