{
  "accuracy": 0.68,
  "macro_f1": 0.6647420376233936,
  "balanced_accuracy": 0.677275960170697,
  "n_test": 150
}