{
  "accuracy": 0.8186356073211315,
  "macro_f1": 0.8183459272097053,
  "balanced_accuracy": 0.8411078717201166,
  "n_test": 601
}