{
  "accuracy": 0.9291111111111111,
  "macro_f1": 0.5433807439276831,
  "balanced_accuracy": 0.5119047594072593,
  "n_test": 4500
}