{
  "accuracy": 0.8036605657237936,
  "macro_f1": 0.803066823654863,
  "balanced_accuracy": 0.8279883381924198,
  "n_test": 601
}