{
  "accuracy": 0.9241214057507987,
  "macro_f1": 0.923146657810074,
  "balanced_accuracy": 0.9209487130111047,
  "n_test": 1252
}