{
  "accuracy": 0.9714285714285714,
  "macro_f1": 0.9726515420063808,
  "balanced_accuracy": 0.9774659863945578,
  "n_test": 105
}