{
  "accuracy": 0.9237777777777778,
  "macro_f1": 0.5411166775125595,
  "balanced_accuracy": 0.5031609152250403,
  "n_test": 4500
}