{
  "accuracy": 0.5828571428571429,
  "macro_f1": 0.46830188258759686,
  "balanced_accuracy": 0.5525476255582901,
  "n_test": 175
}