{
  "accuracy": 0.9356060606060606,
  "macro_f1": 0.9355897584271501,
  "balanced_accuracy": 0.9360475136674181,
  "n_test": 1320
}