{
  "accuracy": 0.76,
  "macro_f1": 0.728629579375848,
  "balanced_accuracy": 0.7213541666666667,
  "n_test": 100
}