{
  "accuracy": 0.9943218689162882,
  "macro_f1": 0.985042850147509,
  "balanced_accuracy": 0.978310889061169,
  "n_test": 6164
}