{
  "accuracy": 0.7032484635645303,
  "macro_f1": 0.7023948670377242,
  "balanced_accuracy": 0.703201985631918,
  "n_test": 1139
}