{
  "accuracy": 0.88,
  "macro_f1": 0.8799146059420031,
  "balanced_accuracy": 0.8805120910384068,
  "n_test": 150
}