{
  "accuracy": 0.961730449251248,
  "macro_f1": 0.9613187932515663,
  "balanced_accuracy": 0.9664723032069971,
  "n_test": 601
}