{
  "accuracy": 0.9972420506164829,
  "macro_f1": 0.9927739824198718,
  "balanced_accuracy": 0.9885399532655972,
  "n_test": 6164
}