{
  "accuracy": 0.9435555555555556,
  "macro_f1": 0.6187225304038677,
  "balanced_accuracy": 0.5717336423358709,
  "n_test": 4500
}