{
  "accuracy": 0.9311111111111111,
  "macro_f1": 0.9312757825110638,
  "balanced_accuracy": 0.9313091939888687,
  "n_test": 900
}