{
  "accuracy": 0.9977287475665152,
  "macro_f1": 0.9941003627453795,
  "balanced_accuracy": 0.9941003627453795,
  "n_test": 6164
}