{
  "accuracy": 0.5566286215978928,
  "macro_f1": 0.5196561068590732,
  "balanced_accuracy": 0.5563854715875806,
  "n_test": 1139
}