{
  "accuracy": 0.971027216856892,
  "macro_f1": 0.9710228389708009,
  "balanced_accuracy": 0.9710387568217556,
  "n_test": 1139
}