{
  "accuracy": 0.8755555555555555,
  "macro_f1": 0.8750269276160152,
  "balanced_accuracy": 0.8751367715108325,
  "n_test": 900
}