{
  "accuracy": 0.78,
  "macro_f1": 0.7428705002337541,
  "balanced_accuracy": 0.7309027777777778,
  "n_test": 100
}