{
  "accuracy": 0.9085714285714286,
  "macro_f1": 0.9097879106368071,
  "balanced_accuracy": 0.9212469237079574,
  "n_test": 175
}