{
  "accuracy": 0.84,
  "macro_f1": 0.8318621269440941,
  "balanced_accuracy": 0.8446180555555556,
  "n_test": 100
}