{
  "accuracy": 0.72,
  "macro_f1": 0.7200670046813539,
  "balanced_accuracy": 0.735575608422204,
  "n_test": 175
}