{
  "accuracy": 0.8857142857142857,
  "macro_f1": 0.886385459663993,
  "balanced_accuracy": 0.8946313007018504,
  "n_test": 175
}