{
  "accuracy": 0.9271137026239067,
  "macro_f1": 0.9271002082851192,
  "balanced_accuracy": 0.9271612493766717,
  "n_test": 1029
}