{
  "accuracy": 0.6914285714285714,
  "macro_f1": 0.6862953692115145,
  "balanced_accuracy": 0.6997538966365874,
  "n_test": 175
}