{
  "accuracy": 0.9371111111111111,
  "macro_f1": 0.5490367193636386,
  "balanced_accuracy": 0.5137795007894693,
  "n_test": 4500
}