{
  "accuracy": 0.82,
  "macro_f1": 0.8196071444479087,
  "balanced_accuracy": 0.8207681365576103,
  "n_test": 150
}