{
  "accuracy": 0.6311111111111111,
  "macro_f1": 0.6017273047504026,
  "balanced_accuracy": 0.6302535421327368,
  "n_test": 900
}