{
  "accuracy": 0.9514091350826045,
  "macro_f1": 0.9514013783305877,
  "balanced_accuracy": 0.9514540550342263,
  "n_test": 1029
}