{
  "accuracy": 0.7752414398595259,
  "macro_f1": 0.77292663476874,
  "balanced_accuracy": 0.7753306817130701,
  "n_test": 1139
}