{
  "accuracy": 0.9213333333333333,
  "macro_f1": 0.4424795522562247,
  "balanced_accuracy": 0.42781964627014035,
  "n_test": 4500
}