{
  "accuracy": 0.5311676909569798,
  "macro_f1": 0.5206138276742647,
  "balanced_accuracy": 0.5312983689452101,
  "n_test": 1139
}