{
  "accuracy": 0.7533333333333333,
  "macro_f1": 0.7407874457054785,
  "balanced_accuracy": 0.7564011379800853,
  "n_test": 150
}