{
  "accuracy": 0.9811111111111112,
  "macro_f1": 0.981034707183143,
  "balanced_accuracy": 0.9811111111111112,
  "n_test": 900
}