{
  "accuracy": 0.9523809523809523,
  "macro_f1": 0.9523591755900891,
  "balanced_accuracy": 0.9523267147196155,
  "n_test": 1029
}