{
  "accuracy": 0.6724975704567542,
  "macro_f1": 0.6614354963900239,
  "balanced_accuracy": 0.6730302824244072,
  "n_test": 1029
}