{
  "accuracy": 0.8422222222222222,
  "macro_f1": 0.8391100262784241,
  "balanced_accuracy": 0.8429945528443238,
  "n_test": 900
}