{
  "accuracy": 0.7254575707154742,
  "macro_f1": 0.7205052973356896,
  "balanced_accuracy": 0.7594752186588921,
  "n_test": 601
}