{
  "accuracy": 0.9293333333333333,
  "macro_f1": 0.522896042991386,
  "balanced_accuracy": 0.5051194736460698,
  "n_test": 4500
}