{
  "accuracy": 0.8419301164725458,
  "macro_f1": 0.8396284447091009,
  "balanced_accuracy": 0.8418254344927341,
  "n_test": 601
}