{
  "accuracy": 0.9404444444444444,
  "macro_f1": 0.5501832834199386,
  "balanced_accuracy": 0.5158649080143929,
  "n_test": 4500
}