{
  "accuracy": 0.9907527579493836,
  "macro_f1": 0.975033921302578,
  "balanced_accuracy": 0.9571428571428571,
  "n_test": 6164
}