{
  "accuracy": 0.8993610223642172,
  "macro_f1": 0.8988839234206862,
  "balanced_accuracy": 0.8994954746774504,
  "n_test": 1252
}