{
  "accuracy": 0.9672290720311486,
  "macro_f1": 0.9014431357649443,
  "balanced_accuracy": 0.8481203007518797,
  "n_test": 6164
}