{
  "accuracy": 0.7485714285714286,
  "macro_f1": 0.7373723086594373,
  "balanced_accuracy": 0.7363959529669127,
  "n_test": 175
}