{
  "accuracy": 0.9115646258503401,
  "macro_f1": 0.9112827659911111,
  "balanced_accuracy": 0.911736706106351,
  "n_test": 1029
}