{
  "accuracy": 0.9789097988319273,
  "macro_f1": 0.9405222098316345,
  "balanced_accuracy": 0.90622136355619,
  "n_test": 6164
}