{
  "accuracy": 0.91,
  "macro_f1": 0.899001234429357,
  "balanced_accuracy": 0.8871527777777778,
  "n_test": 100
}