{
  "accuracy": 0.9507575757575758,
  "macro_f1": 0.9507002801120448,
  "balanced_accuracy": 0.9506352850337463,
  "n_test": 1320
}