{
  "accuracy": 0.9273162939297125,
  "macro_f1": 0.9263281299002444,
  "balanced_accuracy": 0.9239116759740676,
  "n_test": 1252
}