{
  "accuracy": 0.8053244592346089,
  "macro_f1": 0.8049009896869459,
  "balanced_accuracy": 0.8284855470427374,
  "n_test": 601
}