{
  "accuracy": 0.9852368591823492,
  "macro_f1": 0.959232113864362,
  "balanced_accuracy": 0.9322399014448286,
  "n_test": 6164
}