{
  "accuracy": 0.9644444444444444,
  "macro_f1": 0.9643893441057146,
  "balanced_accuracy": 0.9644444444444445,
  "n_test": 900
}