{
  "accuracy": 0.7936772046589018,
  "macro_f1": 0.7929750872280374,
  "balanced_accuracy": 0.8182814654100843,
  "n_test": 601
}