{
  "accuracy": 0.7339771729587358,
  "macro_f1": 0.724430423107419,
  "balanced_accuracy": 0.7341411525298307,
  "n_test": 1139
}