{
  "accuracy": 0.9321086261980831,
  "macro_f1": 0.931333739833464,
  "balanced_accuracy": 0.9294884138904935,
  "n_test": 1252
}