{
  "accuracy": 0.9285714285714286,
  "macro_f1": 0.9285714285714286,
  "balanced_accuracy": 0.9333333333333333,
  "n_test": 28
}