{
  "accuracy": 0.9611273080660836,
  "macro_f1": 0.9611263902321083,
  "balanced_accuracy": 0.9611496441361802,
  "n_test": 1029
}