{
  "accuracy": 0.98,
  "macro_f1": 0.9799923085272363,
  "balanced_accuracy": 0.9800441501103753,
  "n_test": 900
}