{
  "accuracy": 0.8685714285714285,
  "macro_f1": 0.8694094029337318,
  "balanced_accuracy": 0.8728465955701394,
  "n_test": 175
}