{
  "accuracy": 0.9957819597663855,
  "macro_f1": 0.9888514295636068,
  "balanced_accuracy": 0.9804511278195489,
  "n_test": 6164
}