{
  "accuracy": 0.8103161397670549,
  "macro_f1": 0.8098734598734598,
  "balanced_accuracy": 0.8338192419825072,
  "n_test": 601
}