{
  "accuracy": 0.9386363636363636,
  "macro_f1": 0.9386261839802401,
  "balanced_accuracy": 0.9391774041212522,
  "n_test": 1320
}