{
  "accuracy": 0.9938542581211589,
  "macro_f1": 0.9938542391720759,
  "balanced_accuracy": 0.9938534825640551,
  "n_test": 1139
}