{
  "accuracy": 0.6830553116769096,
  "macro_f1": 0.6774613847748037,
  "balanced_accuracy": 0.6829402152129005,
  "n_test": 1139
}