{
  "accuracy": 0.4504792332268371,
  "macro_f1": 0.43058857126236494,
  "balanced_accuracy": 0.4679761217022916,
  "n_test": 1252
}