{
  "accuracy": 0.9837767683322518,
  "macro_f1": 0.9549094560810494,
  "balanced_accuracy": 0.9254729841515956,
  "n_test": 6164
}