{
  "accuracy": 0.9440894568690096,
  "macro_f1": 0.9435534773479667,
  "balanced_accuracy": 0.9422350600166891,
  "n_test": 1252
}