{
  "accuracy": 0.9620991253644315,
  "macro_f1": 0.9620968343664436,
  "balanced_accuracy": 0.9620846366562401,
  "n_test": 1029
}