{
  "accuracy": 0.5302897278314311,
  "macro_f1": 0.5198436368536054,
  "balanced_accuracy": 0.530419634323066,
  "n_test": 1139
}