{
  "accuracy": 0.9863724853990915,
  "macro_f1": 0.962819634555646,
  "balanced_accuracy": 0.9408078297216035,
  "n_test": 6164
}