{
  "accuracy": 0.9619047619047619,
  "macro_f1": 0.9622448979591836,
  "balanced_accuracy": 0.9673469387755101,
  "n_test": 105
}