{
  "accuracy": 0.9378036929057337,
  "macro_f1": 0.9376948926765766,
  "balanced_accuracy": 0.9379334965320277,
  "n_test": 1029
}