{
  "accuracy": 0.6514285714285715,
  "macro_f1": 0.6220557413600891,
  "balanced_accuracy": 0.6426032266885425,
  "n_test": 175
}