{
  "accuracy": 0.6066666666666667,
  "macro_f1": 0.5988032095743234,
  "balanced_accuracy": 0.6086415362731152,
  "n_test": 150
}