{
  "accuracy": 0.994970798182998,
  "macro_f1": 0.9867164545883338,
  "balanced_accuracy": 0.978674591552531,
  "n_test": 6164
}