{
  "accuracy": 0.7588888888888888,
  "macro_f1": 0.7600210755940804,
  "balanced_accuracy": 0.7585556395099041,
  "n_test": 900
}