{
  "accuracy": 0.9268888888888889,
  "macro_f1": 0.5477974087831305,
  "balanced_accuracy": 0.5341816093402717,
  "n_test": 4500
}