{
  "accuracy": 0.9455782312925171,
  "macro_f1": 0.9455695437302583,
  "balanced_accuracy": 0.9456231016818533,
  "n_test": 1029
}