{
  "accuracy": 0.8889776357827476,
  "macro_f1": 0.8878956437716402,
  "balanced_accuracy": 0.8867205854034277,
  "n_test": 1252
}