{
  "accuracy": 0.9325757575757576,
  "macro_f1": 0.9325385500152461,
  "balanced_accuracy": 0.9327728485450146,
  "n_test": 1320
}