{
  "accuracy": 0.9938351719662557,
  "macro_f1": 0.983944232818769,
  "balanced_accuracy": 0.9826647907275007,
  "n_test": 6164
}