{
  "accuracy": 0.9267886855241264,
  "macro_f1": 0.9262987736900781,
  "balanced_accuracy": 0.9339390241146293,
  "n_test": 601
}