{
  "accuracy": 0.9246666666666666,
  "macro_f1": 0.5204572033617031,
  "balanced_accuracy": 0.486348196656276,
  "n_test": 4500
}