{
  "accuracy": 0.8169717138103162,
  "macro_f1": 0.8166544639687612,
  "balanced_accuracy": 0.8396501457725947,
  "n_test": 601
}