{
  "accuracy": 0.8342857142857143,
  "macro_f1": 0.8369609338261842,
  "balanced_accuracy": 0.8424026980220581,
  "n_test": 175
}