{
  "accuracy": 0.8578274760383386,
  "macro_f1": 0.854104473703506,
  "balanced_accuracy": 0.8505346941395469,
  "n_test": 1252
}