{
  "accuracy": 0.9091111111111111,
  "macro_f1": 0.4887664090081952,
  "balanced_accuracy": 0.4742857692944029,
  "n_test": 4500
}