{
  "accuracy": 0.7963125548726954,
  "macro_f1": 0.7945667249217909,
  "balanced_accuracy": 0.7963941047698332,
  "n_test": 1139
}