{
  "accuracy": 0.9225239616613419,
  "macro_f1": 0.9214409775566905,
  "balanced_accuracy": 0.9189639899865203,
  "n_test": 1252
}