{
  "accuracy": 0.97744970798183,
  "macro_f1": 0.935501923170297,
  "balanced_accuracy": 0.8961496758809189,
  "n_test": 6164
}