{
  "accuracy": 0.9386666666666666,
  "macro_f1": 0.5833803344050399,
  "balanced_accuracy": 0.5470609539329325,
  "n_test": 4500
}