{
  "accuracy": 0.7714285714285715,
  "macro_f1": 0.7707059506837742,
  "balanced_accuracy": 0.7848874304985872,
  "n_test": 175
}