{
  "accuracy": 0.9281150159744409,
  "macro_f1": 0.9274707449889932,
  "balanced_accuracy": 0.9264137621156685,
  "n_test": 1252
}