{
  "accuracy": 0.9364444444444444,
  "macro_f1": 0.5582607342063599,
  "balanced_accuracy": 0.5309573096068038,
  "n_test": 4500
}