{
  "accuracy": 0.9465500485908649,
  "macro_f1": 0.9465159025293787,
  "balanced_accuracy": 0.946484428124575,
  "n_test": 1029
}