{
  "accuracy": 0.9939974042829332,
  "macro_f1": 0.9840157047936136,
  "balanced_accuracy": 0.9721804511278196,
  "n_test": 6164
}