{
  "accuracy": 0.9397777777777778,
  "macro_f1": 0.6068573310198981,
  "balanced_accuracy": 0.5620382847327454,
  "n_test": 4500
}