{
  "accuracy": 0.6733333333333333,
  "macro_f1": 0.6647419961762471,
  "balanced_accuracy": 0.6728319777175282,
  "n_test": 900
}