{
  "accuracy": 0.4496805111821086,
  "macro_f1": 0.4292278019102317,
  "balanced_accuracy": 0.46736119134732657,
  "n_test": 1252
}