{
  "accuracy": 0.8752079866888519,
  "macro_f1": 0.8751734279329052,
  "balanced_accuracy": 0.89067055393586,
  "n_test": 601
}