{
  "accuracy": 0.995295262816353,
  "macro_f1": 0.987590221269862,
  "balanced_accuracy": 0.9801783509510273,
  "n_test": 6164
}