{
  "accuracy": 0.994646333549643,
  "macro_f1": 0.9857825500113334,
  "balanced_accuracy": 0.975187969924812,
  "n_test": 6164
}