{
  "accuracy": 0.6457142857142857,
  "macro_f1": 0.6460038986354776,
  "balanced_accuracy": 0.6683985051499407,
  "n_test": 175
}