{
  "accuracy": 0.8457142857142858,
  "macro_f1": 0.8493807359885949,
  "balanced_accuracy": 0.8535229240725549,
  "n_test": 175
}