{
  "accuracy": 0.9148888888888889,
  "macro_f1": 0.5646868553853559,
  "balanced_accuracy": 0.5437162972277829,
  "n_test": 4500
}