{
  "accuracy": 0.990914990266061,
  "macro_f1": 0.9757246376811595,
  "balanced_accuracy": 0.9625214153769586,
  "n_test": 6164
}