{
  "accuracy": 0.9933333333333333,
  "macro_f1": 0.9933330370238678,
  "balanced_accuracy": 0.993421052631579,
  "n_test": 150
}