{
  "accuracy": 0.30857142857142855,
  "macro_f1": 0.16799912981998152,
  "balanced_accuracy": 0.33962264150943394,
  "n_test": 175
}