{
  "accuracy": 0.9397473275024295,
  "macro_f1": 0.9396852948517233,
  "balanced_accuracy": 0.939848814542817,
  "n_test": 1029
}