{
  "accuracy": 0.9659863945578231,
  "macro_f1": 0.9659863945578231,
  "balanced_accuracy": 0.9659946053764903,
  "n_test": 1029
}