{
  "accuracy": 0.8642172523961661,
  "macro_f1": 0.8641950731473258,
  "balanced_accuracy": 0.8705513832723538,
  "n_test": 1252
}