{
  "accuracy": 0.9974042829331603,
  "macro_f1": 0.993185371655115,
  "balanced_accuracy": 0.98796992481203,
  "n_test": 6164
}