{
  "accuracy": 0.9371111111111111,
  "macro_f1": 0.5652950810383591,
  "balanced_accuracy": 0.5361981227192433,
  "n_test": 4500
}