{
  "accuracy": 0.9977287475665152,
  "macro_f1": 0.9940768586210342,
  "balanced_accuracy": 0.9921175005161567,
  "n_test": 6164
}