{
  "accuracy": 0.8226837060702875,
  "macro_f1": 0.8124838082901555,
  "balanced_accuracy": 0.809386995314205,
  "n_test": 1252
}