{
  "accuracy": 0.9028571428571428,
  "macro_f1": 0.9043141942224512,
  "balanced_accuracy": 0.9105824446267432,
  "n_test": 175
}