{
  "accuracy": 0.8733333333333333,
  "macro_f1": 0.8720538720538721,
  "balanced_accuracy": 0.8721550497866287,
  "n_test": 150
}