{
  "accuracy": 0.8997777777777778,
  "macro_f1": 0.3690868211503091,
  "balanced_accuracy": 0.379463768844582,
  "n_test": 4500
}