{
  "accuracy": 0.87,
  "macro_f1": 0.8597778017473843,
  "balanced_accuracy": 0.8619791666666667,
  "n_test": 100
}