{
  "accuracy": 0.56,
  "macro_f1": 0.554079751422163,
  "balanced_accuracy": 0.5594749794913864,
  "n_test": 175
}