{
  "accuracy": 0.6844444444444444,
  "macro_f1": 0.6597883104925887,
  "balanced_accuracy": 0.6829679343773304,
  "n_test": 900
}