{
  "accuracy": 0.8,
  "macro_f1": 0.7738579828132067,
  "balanced_accuracy": 0.7647569444444444,
  "n_test": 100
}