{
  "accuracy": 0.8,
  "macro_f1": 0.7976982557094048,
  "balanced_accuracy": 0.798719772403983,
  "n_test": 150
}