{
  "accuracy": 0.402555910543131,
  "macro_f1": 0.3390808491418248,
  "balanced_accuracy": 0.42944476538930615,
  "n_test": 1252
}