{
  "accuracy": 0.8832309043020193,
  "macro_f1": 0.8831700272626664,
  "balanced_accuracy": 0.8832516264298709,
  "n_test": 1139
}