{
  "accuracy": 0.8877777777777778,
  "macro_f1": 0.8886428445251976,
  "balanced_accuracy": 0.8877671600219269,
  "n_test": 900
}