{
  "accuracy": 0.9756651524983777,
  "macro_f1": 0.9298193520062739,
  "balanced_accuracy": 0.8878789991891896,
  "n_test": 6164
}