{
  "accuracy": 0.819047619047619,
  "macro_f1": 0.8209057902935454,
  "balanced_accuracy": 0.8171768707482993,
  "n_test": 105
}