{
  "accuracy": 0.9901038286826735,
  "macro_f1": 0.9734295456210909,
  "balanced_accuracy": 0.9581010628043103,
  "n_test": 6164
}