{
  "accuracy": 0.9868305531167691,
  "macro_f1": 0.9868285631685458,
  "balanced_accuracy": 0.986842105263158,
  "n_test": 1139
}