{
  "accuracy": 0.9182222222222223,
  "macro_f1": 0.4677107835960497,
  "balanced_accuracy": 0.444607726927672,
  "n_test": 4500
}