{
  "accuracy": 0.9,
  "macro_f1": 0.8986988429156724,
  "balanced_accuracy": 0.8986486486486487,
  "n_test": 150
}