{
  "accuracy": 0.75,
  "macro_f1": 0.7051539096591579,
  "balanced_accuracy": 0.6953125,
  "n_test": 100
}