{
  "accuracy": 0.14285714285714285,
  "macro_f1": 0.03571428571428571,
  "balanced_accuracy": 0.14285714285714285,
  "n_test": 105
}