{
  "accuracy": 0.9422222222222222,
  "macro_f1": 0.5643519388878497,
  "balanced_accuracy": 0.5298114672006359,
  "n_test": 4500
}