{
  "accuracy": 0.95171202809482,
  "macro_f1": 0.9516462803257595,
  "balanced_accuracy": 0.9517451361267844,
  "n_test": 1139
}