{
  "accuracy": 0.7703826955074875,
  "macro_f1": 0.7690881350647036,
  "balanced_accuracy": 0.7969127850475739,
  "n_test": 601
}