{
  "accuracy": 0.7,
  "macro_f1": 0.6847414880201765,
  "balanced_accuracy": 0.7030583214793741,
  "n_test": 150
}