{
  "accuracy": 0.9853990914990266,
  "macro_f1": 0.961145807857069,
  "balanced_accuracy": 0.9501765871306744,
  "n_test": 6164
}