{
  "accuracy": 0.9333333333333333,
  "macro_f1": 0.9329039184111647,
  "balanced_accuracy": 0.9324324324324325,
  "n_test": 150
}