{
  "accuracy": 0.7547923322683706,
  "macro_f1": 0.7395369639390252,
  "balanced_accuracy": 0.7403851338340073,
  "n_test": 1252
}