{
  "accuracy": 0.49714285714285716,
  "macro_f1": 0.49933631989381116,
  "balanced_accuracy": 0.5107100537781424,
  "n_test": 175
}