{
  "accuracy": 0.9877777777777778,
  "macro_f1": 0.9877336610978196,
  "balanced_accuracy": 0.9877777777777778,
  "n_test": 900
}