{
  "accuracy": 0.4480830670926518,
  "macro_f1": 0.3303304721262595,
  "balanced_accuracy": 0.48387059503177354,
  "n_test": 1252
}