{
  "accuracy": 0.8730031948881789,
  "macro_f1": 0.8698458756216987,
  "balanced_accuracy": 0.8661184928429295,
  "n_test": 1252
}