{
  "accuracy": 0.9703114860480208,
  "macro_f1": 0.9120431526673682,
  "balanced_accuracy": 0.8624060150375941,
  "n_test": 6164
}