{
  "accuracy": 0.6126198083067093,
  "macro_f1": 0.6123504946007284,
  "balanced_accuracy": 0.6143205597278387,
  "n_test": 1252
}