{
  "accuracy": 0.9675153643546971,
  "macro_f1": 0.9675128601834229,
  "balanced_accuracy": 0.9675084019362994,
  "n_test": 1139
}