{
  "accuracy": 0.9422222222222222,
  "macro_f1": 0.9422214475271641,
  "balanced_accuracy": 0.9423243502180344,
  "n_test": 900
}