{
  "accuracy": 0.9308888888888889,
  "macro_f1": 0.407106358312895,
  "balanced_accuracy": 0.4088814539454986,
  "n_test": 4500
}