{
  "accuracy": 0.9885864793678666,
  "macro_f1": 0.9885852123495869,
  "balanced_accuracy": 0.9885964912280703,
  "n_test": 1139
}