{
  "accuracy": 0.936,
  "macro_f1": 0.5585005592886276,
  "balanced_accuracy": 0.5282507915472706,
  "n_test": 4500
}