{
  "accuracy": 0.6711111111111111,
  "macro_f1": 0.5919233484863848,
  "balanced_accuracy": 0.6729193890098819,
  "n_test": 900
}