{
  "accuracy": 0.8266666666666667,
  "macro_f1": 0.8228561046511628,
  "balanced_accuracy": 0.8248577524893315,
  "n_test": 150
}