{
  "accuracy": 0.8666666666666667,
  "macro_f1": 0.8654949784791965,
  "balanced_accuracy": 0.8655761024182076,
  "n_test": 150
}