{
  "accuracy": 0.9983776768332252,
  "macro_f1": 0.9957859733895568,
  "balanced_accuracy": 0.9957859733895568,
  "n_test": 6164
}