{
  "accuracy": 0.7796312554872695,
  "macro_f1": 0.7749658578822047,
  "balanced_accuracy": 0.779758270896926,
  "n_test": 1139
}