{
  "accuracy": 0.9333333333333333,
  "macro_f1": 0.5454952646163237,
  "balanced_accuracy": 0.5096304341182438,
  "n_test": 4500
}