{
  "accuracy": 0.9395555555555556,
  "macro_f1": 0.5538971967631839,
  "balanced_accuracy": 0.5230111815340572,
  "n_test": 4500
}