{
  "accuracy": 0.9591836734693877,
  "macro_f1": 0.9591833265333878,
  "balanced_accuracy": 0.9592003263973888,
  "n_test": 1029
}