{
  "accuracy": 0.9620991253644315,
  "macro_f1": 0.9620875243382959,
  "balanced_accuracy": 0.9620563035495715,
  "n_test": 1029
}