{
  "accuracy": 0.9929762949956101,
  "macro_f1": 0.9929762462692089,
  "balanced_accuracy": 0.9929793728609749,
  "n_test": 1139
}