{
  "accuracy": 0.8833865814696485,
  "macro_f1": 0.881595141301785,
  "balanced_accuracy": 0.8791450028885037,
  "n_test": 1252
}