{
  "accuracy": 0.7333333333333333,
  "macro_f1": 0.723706023208694,
  "balanced_accuracy": 0.7359530583214794,
  "n_test": 150
}