{
  "accuracy": 0.8945686900958466,
  "macro_f1": 0.8936557944156165,
  "balanced_accuracy": 0.8927864432890429,
  "n_test": 1252
}