{
  "accuracy": 0.9533333333333334,
  "macro_f1": 0.9525585762343513,
  "balanced_accuracy": 0.9533333333333333,
  "n_test": 900
}