{
  "accuracy": 0.84,
  "macro_f1": 0.8419701213818861,
  "balanced_accuracy": 0.8414000546896364,
  "n_test": 175
}