{
  "accuracy": 0.7257142857142858,
  "macro_f1": 0.7171080415066995,
  "balanced_accuracy": 0.7185306717710328,
  "n_test": 175
}