{
  "accuracy": 0.9417637271214643,
  "macro_f1": 0.9413244741239117,
  "balanced_accuracy": 0.9484993332881325,
  "n_test": 601
}