{
  "accuracy": 0.75,
  "macro_f1": 0.7194478734148805,
  "balanced_accuracy": 0.7135416666666667,
  "n_test": 100
}