{
  "accuracy": 0.9317777777777778,
  "macro_f1": 0.5444502256211203,
  "balanced_accuracy": 0.512347468697165,
  "n_test": 4500
}