{
  "accuracy": 0.9467554076539102,
  "macro_f1": 0.9463380879037478,
  "balanced_accuracy": 0.9533527696793003,
  "n_test": 601
}