{
  "accuracy": 0.28,
  "macro_f1": 0.1882483032105544,
  "balanced_accuracy": 0.3081761006289308,
  "n_test": 175
}