{
  "accuracy": 0.9339164237123421,
  "macro_f1": 0.9339023781994604,
  "balanced_accuracy": 0.9339668615984404,
  "n_test": 1029
}