{
  "accuracy": 0.9340909090909091,
  "macro_f1": 0.9340142210730447,
  "balanced_accuracy": 0.9339517279890799,
  "n_test": 1320
}