{
  "accuracy": 0.7466666666666667,
  "macro_f1": 0.7375207220482594,
  "balanced_accuracy": 0.7443100995732574,
  "n_test": 150
}