{
  "accuracy": 0.8738019169329073,
  "macro_f1": 0.8711383723838906,
  "balanced_accuracy": 0.8678657166698761,
  "n_test": 1252
}