{
  "accuracy": 0.9711111111111111,
  "macro_f1": 0.9710352140796413,
  "balanced_accuracy": 0.9711699779249447,
  "n_test": 900
}