{
  "accuracy": 0.9978909798831928,
  "macro_f1": 0.9945181417751159,
  "balanced_accuracy": 0.99419128836822,
  "n_test": 6164
}