{
  "accuracy": 0.9344444444444444,
  "macro_f1": 0.5508893197014966,
  "balanced_accuracy": 0.5115580887684789,
  "n_test": 4500
}