{
  "accuracy": 0.9918883841661259,
  "macro_f1": 0.9783848412793705,
  "balanced_accuracy": 0.9663717394960396,
  "n_test": 6164
}