{
  "accuracy": 0.9368888888888889,
  "macro_f1": 0.5750043445774309,
  "balanced_accuracy": 0.5388024759951908,
  "n_test": 4500
}