{
  "accuracy": 0.9822222222222222,
  "macro_f1": 0.9821518511929471,
  "balanced_accuracy": 0.9822222222222222,
  "n_test": 900
}