{
  "accuracy": 0.9386363636363636,
  "macro_f1": 0.9385931913793846,
  "balanced_accuracy": 0.9387430801155441,
  "n_test": 1320
}