{
  "accuracy": 0.8928571428571429,
  "macro_f1": 0.89272030651341,
  "balanced_accuracy": 0.8948717948717949,
  "n_test": 28
}