{
  "accuracy": 0.8668885191347754,
  "macro_f1": 0.8663820894195069,
  "balanced_accuracy": 0.8756977874206161,
  "n_test": 601
}