{
  "accuracy": 0.8336106489184693,
  "macro_f1": 0.8309784687380476,
  "balanced_accuracy": 0.832615770560716,
  "n_test": 601
}