{
  "accuracy": 0.9866969500324465,
  "macro_f1": 0.9644051005027319,
  "balanced_accuracy": 0.9509039921133986,
  "n_test": 6164
}