{
  "accuracy": 0.6677777777777778,
  "macro_f1": 0.650105887321518,
  "balanced_accuracy": 0.6666442953020134,
  "n_test": 900
}