{
  "accuracy": 0.7687188019966722,
  "macro_f1": 0.7669743400921067,
  "balanced_accuracy": 0.7968958347458585,
  "n_test": 601
}