{
  "accuracy": 0.8202995008319468,
  "macro_f1": 0.8201556057986434,
  "balanced_accuracy": 0.8411248220218319,
  "n_test": 601
}