{
  "accuracy": 0.9065495207667732,
  "macro_f1": 0.9065394443434237,
  "balanced_accuracy": 0.9129559021760062,
  "n_test": 1252
}