{
  "accuracy": 0.74,
  "macro_f1": 0.7250293772032903,
  "balanced_accuracy": 0.7432432432432432,
  "n_test": 150
}