{
  "accuracy": 0.68,
  "macro_f1": 0.6190476190476191,
  "balanced_accuracy": 0.6163194444444444,
  "n_test": 100
}