{
  "accuracy": 0.9961064243997404,
  "macro_f1": 0.9897229069634641,
  "balanced_accuracy": 0.9819548872180451,
  "n_test": 6164
}