{
  "accuracy": 0.9317777777777778,
  "macro_f1": 0.39730478478276654,
  "balanced_accuracy": 0.40464681955407444,
  "n_test": 4500
}