{
  "accuracy": 0.8682108626198083,
  "macro_f1": 0.865269138884704,
  "balanced_accuracy": 0.8619256691700365,
  "n_test": 1252
}