{
  "accuracy": 0.83,
  "macro_f1": 0.8062678062678064,
  "balanced_accuracy": 0.7942708333333333,
  "n_test": 100
}