{
  "accuracy": 0.966958211856171,
  "macro_f1": 0.9669581806505232,
  "balanced_accuracy": 0.966969264245886,
  "n_test": 1029
}