{
  "accuracy": 0.966958211856171,
  "macro_f1": 0.9669566827101073,
  "balanced_accuracy": 0.9669862641098872,
  "n_test": 1029
}