{
  "accuracy": 0.7928007023705005,
  "macro_f1": 0.7893874148316691,
  "balanced_accuracy": 0.7929130823543922,
  "n_test": 1139
}