{
  "accuracy": 0.9810188189487346,
  "macro_f1": 0.9473579829859513,
  "balanced_accuracy": 0.9193005700284536,
  "n_test": 6164
}