{
  "accuracy": 0.9217970049916805,
  "macro_f1": 0.921449050475388,
  "balanced_accuracy": 0.9310066219178701,
  "n_test": 601
}