{
  "accuracy": 0.86,
  "macro_f1": 0.8598442714126808,
  "balanced_accuracy": 0.8605974395448079,
  "n_test": 150
}