{
  "accuracy": 0.9883192731992213,
  "macro_f1": 0.9682651912463275,
  "balanced_accuracy": 0.9478475238833581,
  "n_test": 6164
}