{
  "accuracy": 0.9151111111111111,
  "macro_f1": 0.491642930539701,
  "balanced_accuracy": 0.4642879605586748,
  "n_test": 4500
}