{
  "accuracy": 0.8552412645590682,
  "macro_f1": 0.8552412645590682,
  "balanced_accuracy": 0.8726975840169955,
  "n_test": 601
}