{
  "accuracy": 0.924198250728863,
  "macro_f1": 0.924025974025974,
  "balanced_accuracy": 0.9243449385738247,
  "n_test": 1029
}