{
  "accuracy": 0.9436345966958212,
  "macro_f1": 0.9436302844837356,
  "balanced_accuracy": 0.9436681173217281,
  "n_test": 1029
}