{
  "accuracy": 0.9361022364217252,
  "macro_f1": 0.935361795826912,
  "balanced_accuracy": 0.9334437383657488,
  "n_test": 1252
}