{
  "accuracy": 0.9402222222222222,
  "macro_f1": 0.6165631383066128,
  "balanced_accuracy": 0.5750083608253673,
  "n_test": 4500
}