{
  "accuracy": 0.9125364431486881,
  "macro_f1": 0.9123376623376623,
  "balanced_accuracy": 0.9124053674237274,
  "n_test": 1029
}