{
  "accuracy": 0.9815627743634767,
  "macro_f1": 0.9815613530770779,
  "balanced_accuracy": 0.9815712391699811,
  "n_test": 1139
}