{
  "accuracy": 0.99,
  "macro_f1": 0.9900298937570904,
  "balanced_accuracy": 0.9899999999999999,
  "n_test": 900
}