{
  "accuracy": 0.68,
  "macro_f1": 0.5841995841995842,
  "balanced_accuracy": 0.5920138888888888,
  "n_test": 100
}