{
  "accuracy": 0.7284345047923323,
  "macro_f1": 0.690955766192733,
  "balanced_accuracy": 0.7054984273701778,
  "n_test": 1252
}