{
  "accuracy": 0.996268656716418,
  "macro_f1": 0.9903013277559742,
  "balanced_accuracy": 0.9899772617577769,
  "n_test": 6164
}