{
  "accuracy": 0.8730031948881789,
  "macro_f1": 0.8729038696170989,
  "balanced_accuracy": 0.8805866872071377,
  "n_test": 1252
}