{
  "accuracy": 0.9446064139941691,
  "macro_f1": 0.9445810818088792,
  "balanced_accuracy": 0.9446767759191259,
  "n_test": 1029
}