{
  "accuracy": 0.72,
  "macro_f1": 0.6985645933014354,
  "balanced_accuracy": 0.7236842105263158,
  "n_test": 150
}