{
  "accuracy": 0.9333333333333333,
  "macro_f1": 0.9415757987186559,
  "balanced_accuracy": 0.9438775510204083,
  "n_test": 105
}