{
  "accuracy": 0.89,
  "macro_f1": 0.879899552352877,
  "balanced_accuracy": 0.8776041666666667,
  "n_test": 100
}