{
  "accuracy": 0.9106060606060606,
  "macro_f1": 0.910506623521084,
  "balanced_accuracy": 0.910467208537569,
  "n_test": 1320
}