{
  "accuracy": 0.8066666666666666,
  "macro_f1": 0.8056213414361678,
  "balanced_accuracy": 0.8058321479374111,
  "n_test": 150
}