{
  "accuracy": 0.940099833610649,
  "macro_f1": 0.939665365309537,
  "balanced_accuracy": 0.9470416073406107,
  "n_test": 601
}