{
  "accuracy": 0.9866666666666667,
  "macro_f1": 0.9867037724180582,
  "balanced_accuracy": 0.9866666666666667,
  "n_test": 900
}