{
  "accuracy": 0.9620991253644315,
  "macro_f1": 0.9620978367121424,
  "balanced_accuracy": 0.9621243030055759,
  "n_test": 1029
}