{
  "accuracy": 0.9184692179700499,
  "macro_f1": 0.9181756296800545,
  "balanced_accuracy": 0.9285714285714286,
  "n_test": 601
}