{
  "accuracy": 0.9177316293929713,
  "macro_f1": 0.9165172851998087,
  "balanced_accuracy": 0.9138904936131973,
  "n_test": 1252
}