{
  "accuracy": 0.9388888888888889,
  "macro_f1": 0.5941805653740759,
  "balanced_accuracy": 0.5568209352627772,
  "n_test": 4500
}