{
  "accuracy": 0.94,
  "macro_f1": 0.610142169151078,
  "balanced_accuracy": 0.5697311626049829,
  "n_test": 4500
}