{
  "accuracy": 0.8302828618968386,
  "macro_f1": 0.830225988700565,
  "balanced_accuracy": 0.8498711777069632,
  "n_test": 601
}