{
  "accuracy": 0.9375555555555556,
  "macro_f1": 0.5780965935280087,
  "balanced_accuracy": 0.5414956292977169,
  "n_test": 4500
}