{
  "accuracy": 0.9659863945578231,
  "macro_f1": 0.9659852380749996,
  "balanced_accuracy": 0.9659776055124891,
  "n_test": 1029
}