{
  "accuracy": 0.9415555555555556,
  "macro_f1": 0.5523802109881026,
  "balanced_accuracy": 0.5069494296201092,
  "n_test": 4500
}