{
  "accuracy": 0.6914285714285714,
  "macro_f1": 0.6754134317126445,
  "balanced_accuracy": 0.6851699936195425,
  "n_test": 175
}