{
  "accuracy": 0.8242811501597445,
  "macro_f1": 0.8143189582878299,
  "balanced_accuracy": 0.8111200975672379,
  "n_test": 1252
}