{
  "accuracy": 0.8755555555555555,
  "macro_f1": 0.8750834815266758,
  "balanced_accuracy": 0.8753142608807304,
  "n_test": 900
}