{
  "accuracy": 0.9922128487994809,
  "macro_f1": 0.9796107552935047,
  "balanced_accuracy": 0.9758069478114271,
  "n_test": 6164
}