{
  "accuracy": 0.990342405618964,
  "macro_f1": 0.9903416611356122,
  "balanced_accuracy": 0.9903508771929825,
  "n_test": 1139
}