{
  "accuracy": 0.8,
  "macro_f1": 0.7999644381223329,
  "balanced_accuracy": 0.8003200568990043,
  "n_test": 150
}