{
  "accuracy": 0.9131111111111111,
  "macro_f1": 0.5212685802495212,
  "balanced_accuracy": 0.5049486434794546,
  "n_test": 4500
}