{
  "accuracy": 0.9300291545189504,
  "macro_f1": 0.9299385704775162,
  "balanced_accuracy": 0.9301418921981958,
  "n_test": 1029
}