{
  "accuracy": 0.6277436347673397,
  "macro_f1": 0.6258514363630729,
  "balanced_accuracy": 0.6276816822372275,
  "n_test": 1139
}