{
  "accuracy": 0.9241214057507987,
  "macro_f1": 0.9229403185919601,
  "balanced_accuracy": 0.9200680403106747,
  "n_test": 1252
}