{
  "accuracy": 0.9242222222222222,
  "macro_f1": 0.40536051437837795,
  "balanced_accuracy": 0.4073760925032981,
  "n_test": 4500
}