{
  "accuracy": 0.8685524126455907,
  "macro_f1": 0.8685160107559935,
  "balanced_accuracy": 0.8838791330485682,
  "n_test": 601
}