{
  "accuracy": 0.9290573372206026,
  "macro_f1": 0.9288153132791466,
  "balanced_accuracy": 0.9292352327848044,
  "n_test": 1029
}