{
  "accuracy": 0.9857235561323816,
  "macro_f1": 0.961321384361755,
  "balanced_accuracy": 0.9424269894594642,
  "n_test": 6164
}