{
  "accuracy": 0.9975665152498377,
  "macro_f1": 0.9936155645989064,
  "balanced_accuracy": 0.9887218045112782,
  "n_test": 6164
}