{
  "accuracy": 0.9969175859831279,
  "macro_f1": 0.9918913194759614,
  "balanced_accuracy": 0.9857142857142858,
  "n_test": 6164
}