{
  "accuracy": 0.9348484848484848,
  "macro_f1": 0.9347472202039897,
  "balanced_accuracy": 0.9345411677111125,
  "n_test": 1320
}