{
  "accuracy": 0.44093178036605657,
  "macro_f1": 0.3228169014084507,
  "balanced_accuracy": 0.5102040816326531,
  "n_test": 601
}