{
  "accuracy": 0.9311111111111111,
  "macro_f1": 0.9308594892957677,
  "balanced_accuracy": 0.9313460845173366,
  "n_test": 900
}