{
  "accuracy": 0.9384984025559105,
  "macro_f1": 0.9378589960518895,
  "balanced_accuracy": 0.9362950125168497,
  "n_test": 1252
}