{
  "accuracy": 0.8103161397670549,
  "macro_f1": 0.8100379291988289,
  "balanced_accuracy": 0.8323784663367008,
  "n_test": 601
}