{
  "accuracy": 0.77,
  "macro_f1": 0.7047875754075215,
  "balanced_accuracy": 0.6927083333333334,
  "n_test": 100
}