{
  "accuracy": 0.9504373177842566,
  "macro_f1": 0.9504281416338811,
  "balanced_accuracy": 0.9504850627861643,
  "n_test": 1029
}