{
  "accuracy": 0.5961369622475856,
  "macro_f1": 0.5941847135731326,
  "balanced_accuracy": 0.5961983165294606,
  "n_test": 1139
}