{
  "accuracy": 0.8466666666666667,
  "macro_f1": 0.846496106785317,
  "balanced_accuracy": 0.8463726884779517,
  "n_test": 150
}