{
  "accuracy": 0.9161341853035144,
  "macro_f1": 0.9149618829221907,
  "balanced_accuracy": 0.9125348225174915,
  "n_test": 1252
}