{
  "accuracy": 0.9366666666666666,
  "macro_f1": 0.5919052491599828,
  "balanced_accuracy": 0.5587963433058823,
  "n_test": 4500
}