{
  "accuracy": 0.78369384359401,
  "macro_f1": 0.7825808677842339,
  "balanced_accuracy": 0.8100153682735552,
  "n_test": 601
}