{
  "accuracy": 0.9384444444444444,
  "macro_f1": 0.5816951831687677,
  "balanced_accuracy": 0.5482835452950588,
  "n_test": 4500
}