{
  "accuracy": 0.66,
  "macro_f1": 0.6310763888888888,
  "balanced_accuracy": 0.6310763888888888,
  "n_test": 100
}