{
  "accuracy": 0.8369384359400999,
  "macro_f1": 0.8347604084838963,
  "balanced_accuracy": 0.8374522566501684,
  "n_test": 601
}