{
  "accuracy": 0.9431111111111111,
  "macro_f1": 0.61593293441501,
  "balanced_accuracy": 0.5757656608923473,
  "n_test": 4500
}