{
  "accuracy": 0.8053244592346089,
  "macro_f1": 0.8049594341585189,
  "balanced_accuracy": 0.8280052884941351,
  "n_test": 601
}