{
  "accuracy": 0.7180511182108626,
  "macro_f1": 0.6764367601506109,
  "balanced_accuracy": 0.6942332627254637,
  "n_test": 1252
}