{
  "accuracy": 0.9975665152498377,
  "macro_f1": 0.9936831348102791,
  "balanced_accuracy": 0.994009437122539,
  "n_test": 6164
}