{
  "accuracy": 0.6914285714285714,
  "macro_f1": 0.6739518025078369,
  "balanced_accuracy": 0.683711603317838,
  "n_test": 175
}