{
  "accuracy": 0.7945566286215979,
  "macro_f1": 0.7904735700135216,
  "balanced_accuracy": 0.7946798014368082,
  "n_test": 1139
}