{
  "accuracy": 0.9393939393939394,
  "macro_f1": 0.9393488269511758,
  "balanced_accuracy": 0.939477294506146,
  "n_test": 1320
}