{
  "accuracy": 0.9422222222222222,
  "macro_f1": 0.618476240780149,
  "balanced_accuracy": 0.5745767518052373,
  "n_test": 4500
}