{
  "accuracy": 0.66900790166813,
  "macro_f1": 0.6655388222281937,
  "balanced_accuracy": 0.6689190022507939,
  "n_test": 1139
}