{
  "accuracy": 0.9384359400998337,
  "macro_f1": 0.9380068636552449,
  "balanced_accuracy": 0.9455838813930888,
  "n_test": 601
}