{
  "accuracy": 0.9353035143769968,
  "macro_f1": 0.9345873784059399,
  "balanced_accuracy": 0.9328288080107837,
  "n_test": 1252
}