{
  "accuracy": 0.30857142857142855,
  "macro_f1": 0.2845655348667397,
  "balanced_accuracy": 0.3264971287940935,
  "n_test": 175
}