{
  "accuracy": 0.6133333333333333,
  "macro_f1": 0.6013563049853372,
  "balanced_accuracy": 0.6157539118065434,
  "n_test": 150
}