{
  "accuracy": 0.8905750798722045,
  "macro_f1": 0.8894374345338812,
  "balanced_accuracy": 0.8880762564991335,
  "n_test": 1252
}