{
  "accuracy": 0.994646333549643,
  "macro_f1": 0.985878527651912,
  "balanced_accuracy": 0.97849274030685,
  "n_test": 6164
}