{
  "accuracy": 0.71,
  "macro_f1": 0.6277756385573097,
  "balanced_accuracy": 0.6276041666666666,
  "n_test": 100
}