{
  "accuracy": 0.8785942492012779,
  "macro_f1": 0.8761467412243709,
  "balanced_accuracy": 0.8729392130431992,
  "n_test": 1252
}