{
  "accuracy": 0.9964881474978051,
  "macro_f1": 0.9964880798214131,
  "balanced_accuracy": 0.9964850615114236,
  "n_test": 1139
}