{
  "accuracy": 0.8369384359400999,
  "macro_f1": 0.8368621064060804,
  "balanced_accuracy": 0.8571428571428572,
  "n_test": 601
}