{
  "accuracy": 0.9033546325878594,
  "macro_f1": 0.9024127546501328,
  "balanced_accuracy": 0.9011862122087425,
  "n_test": 1252
}