{
  "accuracy": 0.9508340649692713,
  "macro_f1": 0.9508203799654577,
  "balanced_accuracy": 0.9508201523140012,
  "n_test": 1139
}