{
  "accuracy": 0.9424444444444444,
  "macro_f1": 0.6124100168913935,
  "balanced_accuracy": 0.5682953078990629,
  "n_test": 4500
}