{
  "accuracy": 0.97744970798183,
  "macro_f1": 0.9361697832094307,
  "balanced_accuracy": 0.9007763544157721,
  "n_test": 6164
}