{
  "accuracy": 0.64,
  "macro_f1": 0.6161375661375662,
  "balanced_accuracy": 0.6183574879227053,
  "n_test": 175
}