{
  "accuracy": 0.9961064243997404,
  "macro_f1": 0.9897367588537938,
  "balanced_accuracy": 0.9826158412944528,
  "n_test": 6164
}