{
  "accuracy": 0.9342222222222222,
  "macro_f1": 0.564496099122618,
  "balanced_accuracy": 0.5459659903323235,
  "n_test": 4500
}