{
  "accuracy": 0.5485714285714286,
  "macro_f1": 0.5308683473389355,
  "balanced_accuracy": 0.56148026615623,
  "n_test": 175
}