{
  "accuracy": 0.86,
  "macro_f1": 0.8592430403503284,
  "balanced_accuracy": 0.8591749644381224,
  "n_test": 150
}