{
  "accuracy": 0.9901038286826735,
  "macro_f1": 0.9736834424770616,
  "balanced_accuracy": 0.9627277413391635,
  "n_test": 6164
}