{
  "accuracy": 0.8604038630377524,
  "macro_f1": 0.860134335170653,
  "balanced_accuracy": 0.8604430672463232,
  "n_test": 1139
}