{
  "accuracy": 0.9055555555555556,
  "macro_f1": 0.9062190930211887,
  "balanced_accuracy": 0.9055755564444841,
  "n_test": 900
}