{
  "accuracy": 0.9104444444444444,
  "macro_f1": 0.5266166014800798,
  "balanced_accuracy": 0.524873856128879,
  "n_test": 4500
}