{
  "accuracy": 0.7886855241264559,
  "macro_f1": 0.7883480069324089,
  "balanced_accuracy": 0.8105464777273036,
  "n_test": 601
}