{
  "accuracy": 0.6532045654082529,
  "macro_f1": 0.6500582970419015,
  "balanced_accuracy": 0.6531218203681435,
  "n_test": 1139
}