{
  "accuracy": 0.8881789137380192,
  "macro_f1": 0.8868036629942007,
  "balanced_accuracy": 0.8849733615764812,
  "n_test": 1252
}