{
  "accuracy": 0.9833333333333333,
  "macro_f1": 0.9833287478168627,
  "balanced_accuracy": 0.9833554083885209,
  "n_test": 900
}