{
  "accuracy": 0.9762949956101844,
  "macro_f1": 0.976286148529075,
  "balanced_accuracy": 0.9763127061943082,
  "n_test": 1139
}