{
  "accuracy": 0.9351081530782029,
  "macro_f1": 0.9346915688902387,
  "balanced_accuracy": 0.9426684294980451,
  "n_test": 601
}