{
  "accuracy": 0.9650145772594753,
  "macro_f1": 0.9650129581636431,
  "balanced_accuracy": 0.9650029466430935,
  "n_test": 1029
}