{
  "accuracy": 0.8971428571428571,
  "macro_f1": 0.8982042648709315,
  "balanced_accuracy": 0.9028347461489381,
  "n_test": 175
}