{
  "accuracy": 0.9798068481123793,
  "macro_f1": 0.979802862616754,
  "balanced_accuracy": 0.9798199364844449,
  "n_test": 1139
}