{
  "accuracy": 0.9416909620991254,
  "macro_f1": 0.9416816539967052,
  "balanced_accuracy": 0.9417357994469377,
  "n_test": 1029
}