{
  "accuracy": 0.8937664618086041,
  "macro_f1": 0.8931285219882179,
  "balanced_accuracy": 0.8938349828877994,
  "n_test": 1139
}