{
  "accuracy": 0.9271137026239067,
  "macro_f1": 0.9269547588016321,
  "balanced_accuracy": 0.9272575819393445,
  "n_test": 1029
}