{
  "accuracy": 0.8618210862619808,
  "macro_f1": 0.8598895785289428,
  "balanced_accuracy": 0.8578868990307464,
  "n_test": 1252
}