{
  "accuracy": 0.88,
  "macro_f1": 0.8803426636626316,
  "balanced_accuracy": 0.8854252119223407,
  "n_test": 175
}