{
  "accuracy": 0.9630709426627794,
  "macro_f1": 0.9630667220794922,
  "balanced_accuracy": 0.9631102951176391,
  "n_test": 1029
}