{
  "accuracy": 0.9929762949956101,
  "macro_f1": 0.9929761596428264,
  "balanced_accuracy": 0.992973206302223,
  "n_test": 1139
}