{
  "accuracy": 0.9744444444444444,
  "macro_f1": 0.9743193532971511,
  "balanced_accuracy": 0.9744443456746227,
  "n_test": 900
}