{
  "accuracy": 0.8801916932907349,
  "macro_f1": 0.8801840495494462,
  "balanced_accuracy": 0.8862468707875987,
  "n_test": 1252
}