{
  "accuracy": 0.5371428571428571,
  "macro_f1": 0.5274511089260352,
  "balanced_accuracy": 0.5386929176920973,
  "n_test": 175
}