{
  "accuracy": 0.995944192083063,
  "macro_f1": 0.989301914887812,
  "balanced_accuracy": 0.9818639615952046,
  "n_test": 6164
}