{
  "accuracy": 0.9494655004859086,
  "macro_f1": 0.9494574334638113,
  "balanced_accuracy": 0.9495104039167687,
  "n_test": 1029
}