{
  "accuracy": 0.8777777777777778,
  "macro_f1": 0.8779823886969037,
  "balanced_accuracy": 0.8775368781822402,
  "n_test": 900
}