{
  "accuracy": 0.9964308890330954,
  "macro_f1": 0.990679818984721,
  "balanced_accuracy": 0.9880853251513946,
  "n_test": 6164
}