{
  "accuracy": 0.9386666666666666,
  "macro_f1": 0.6100143569594272,
  "balanced_accuracy": 0.5870017816716702,
  "n_test": 4500
}