{
  "accuracy": 0.82,
  "macro_f1": 0.7857142857142857,
  "balanced_accuracy": 0.7682291666666667,
  "n_test": 100
}