{
  "accuracy": 0.7172523961661342,
  "macro_f1": 0.6753064459884366,
  "balanced_accuracy": 0.6933667115989472,
  "n_test": 1252
}