{
  "accuracy": 0.8133333333333334,
  "macro_f1": 0.8055555555555556,
  "balanced_accuracy": 0.8108108108108107,
  "n_test": 150
}