{
  "accuracy": 0.49714285714285716,
  "macro_f1": 0.4989828028851064,
  "balanced_accuracy": 0.5209187858900738,
  "n_test": 175
}