{
  "accuracy": 0.8481123792800702,
  "macro_f1": 0.8463495672691914,
  "balanced_accuracy": 0.8482070730428883,
  "n_test": 1139
}