{
  "accuracy": 0.9391111111111111,
  "macro_f1": 0.5715305210303943,
  "balanced_accuracy": 0.5311451571229704,
  "n_test": 4500
}