{
  "accuracy": 0.6628571428571428,
  "macro_f1": 0.643890977443609,
  "balanced_accuracy": 0.6435147206271079,
  "n_test": 175
}