{
  "accuracy": 0.9373333333333334,
  "macro_f1": 0.5885736101694421,
  "balanced_accuracy": 0.556122488858443,
  "n_test": 4500
}