{
  "accuracy": 0.9809523809523809,
  "macro_f1": 0.9829788130830617,
  "balanced_accuracy": 0.9842687074829932,
  "n_test": 105
}