{
  "accuracy": 0.8452579034941764,
  "macro_f1": 0.8452561898354638,
  "balanced_accuracy": 0.86299071123466,
  "n_test": 601
}