{
  "accuracy": 0.66,
  "macro_f1": 0.6325471924684183,
  "balanced_accuracy": 0.6637624466571835,
  "n_test": 150
}