{
  "accuracy": 0.9777777777777777,
  "macro_f1": 0.9777502997417277,
  "balanced_accuracy": 0.9777997540631436,
  "n_test": 900
}