{
  "accuracy": 0.9577777777777777,
  "macro_f1": 0.9573704797478778,
  "balanced_accuracy": 0.9577478505217516,
  "n_test": 900
}