{
  "accuracy": 0.9126666666666666,
  "macro_f1": 0.4056848100612084,
  "balanced_accuracy": 0.4081105519701148,
  "n_test": 4500
}