{
  "accuracy": 0.9382222222222222,
  "macro_f1": 0.5648821134930111,
  "balanced_accuracy": 0.5222139816223705,
  "n_test": 4500
}