{
  "accuracy": 0.9484848484848485,
  "macro_f1": 0.9484326418619401,
  "balanced_accuracy": 0.9484326418619401,
  "n_test": 1320
}