{
  "accuracy": 0.9819922128487995,
  "macro_f1": 0.949548605711386,
  "balanced_accuracy": 0.9172023074598663,
  "n_test": 6164
}