{
  "accuracy": 0.9466666666666667,
  "macro_f1": 0.9464285714285714,
  "balanced_accuracy": 0.9459459459459459,
  "n_test": 150
}