{
  "accuracy": 0.62,
  "macro_f1": 0.5953811935071696,
  "balanced_accuracy": 0.6233997155049786,
  "n_test": 150
}