{
  "accuracy": 0.7314285714285714,
  "macro_f1": 0.731638418079096,
  "balanced_accuracy": 0.7452374441709964,
  "n_test": 175
}