{
  "accuracy": 0.6457142857142857,
  "macro_f1": 0.6089836731974878,
  "balanced_accuracy": 0.6392306991158508,
  "n_test": 175
}