{
  "accuracy": 0.83,
  "macro_f1": 0.8092245539221188,
  "balanced_accuracy": 0.8003472222222222,
  "n_test": 100
}