{
  "accuracy": 0.8336106489184693,
  "macro_f1": 0.8335327616388575,
  "balanced_accuracy": 0.8537471466992113,
  "n_test": 601
}