{
  "accuracy": 0.8333333333333334,
  "macro_f1": 0.8300013599891201,
  "balanced_accuracy": 0.8316145092460883,
  "n_test": 150
}