{
  "accuracy": 0.85,
  "macro_f1": 0.829059829059829,
  "balanced_accuracy": 0.8159722222222222,
  "n_test": 100
}