{
  "accuracy": 0.8761980830670927,
  "macro_f1": 0.875450469964925,
  "balanced_accuracy": 0.8754977854804544,
  "n_test": 1252
}