{
  "accuracy": 0.9611273080660836,
  "macro_f1": 0.9611272713535568,
  "balanced_accuracy": 0.9611326442721791,
  "n_test": 1029
}