{
  "accuracy": 0.9034941763727121,
  "macro_f1": 0.9032990079673318,
  "balanced_accuracy": 0.9154518950437318,
  "n_test": 601
}