{
  "accuracy": 0.9154518950437318,
  "macro_f1": 0.9154515756438433,
  "balanced_accuracy": 0.9154540097012557,
  "n_test": 1029
}