{
  "accuracy": 0.630377524143986,
  "macro_f1": 0.5783784876916895,
  "balanced_accuracy": 0.6306863379890852,
  "n_test": 1139
}