{
  "accuracy": 0.6628571428571428,
  "macro_f1": 0.6529694647018922,
  "balanced_accuracy": 0.6537234527390393,
  "n_test": 175
}