{
  "accuracy": 0.91,
  "macro_f1": 0.9099103551004749,
  "balanced_accuracy": 0.9101392160639238,
  "n_test": 900
}