{
  "accuracy": 0.9151414309484193,
  "macro_f1": 0.9148689747114944,
  "balanced_accuracy": 0.9256559766763848,
  "n_test": 601
}