{
  "accuracy": 0.5828571428571429,
  "macro_f1": 0.5629601278886689,
  "balanced_accuracy": 0.5656731382736305,
  "n_test": 175
}