{
  "accuracy": 0.9153333333333333,
  "macro_f1": 0.45832480170032774,
  "balanced_accuracy": 0.4394243340444108,
  "n_test": 4500
}