{
  "accuracy": 0.8921725239616614,
  "macro_f1": 0.8914662079248548,
  "balanced_accuracy": 0.891319083381475,
  "n_test": 1252
}