{
  "accuracy": 0.4228571428571429,
  "macro_f1": 0.42911580520058484,
  "balanced_accuracy": 0.4201987056786072,
  "n_test": 175
}