{
  "accuracy": 0.63,
  "macro_f1": 0.5713127099988413,
  "balanced_accuracy": 0.5711805555555556,
  "n_test": 100
}