{
  "accuracy": 0.7903494176372712,
  "macro_f1": 0.7893691588785047,
  "balanced_accuracy": 0.8163265306122449,
  "n_test": 601
}