{
  "accuracy": 0.7221297836938436,
  "macro_f1": 0.7220528328639355,
  "balanced_accuracy": 0.7392704590141704,
  "n_test": 601
}