{
  "accuracy": 0.9415555555555556,
  "macro_f1": 0.5531819315099833,
  "balanced_accuracy": 0.5127470513024346,
  "n_test": 4500
}