{
  "accuracy": 0.5873573309920983,
  "macro_f1": 0.5845878547838395,
  "balanced_accuracy": 0.5874294699842753,
  "n_test": 1139
}