{
  "accuracy": 0.5542857142857143,
  "macro_f1": 0.5341670675004008,
  "balanced_accuracy": 0.5327682070914229,
  "n_test": 175
}