{
  "accuracy": 0.8865814696485623,
  "macro_f1": 0.8858532626561473,
  "balanced_accuracy": 0.8857564670389627,
  "n_test": 1252
}