{
  "accuracy": 0.9837767683322518,
  "macro_f1": 0.9550391722306055,
  "balanced_accuracy": 0.9267948923044107,
  "n_test": 6164
}