{
  "accuracy": 0.9866666666666667,
  "macro_f1": 0.9866642958748222,
  "balanced_accuracy": 0.9866642958748222,
  "n_test": 150
}