{
  "accuracy": 0.6457142857142857,
  "macro_f1": 0.6174189328100178,
  "balanced_accuracy": 0.6436058700209644,
  "n_test": 175
}