{
  "accuracy": 0.9237777777777778,
  "macro_f1": 0.393151137867752,
  "balanced_accuracy": 0.401856396923099,
  "n_test": 4500
}