{
  "accuracy": 0.9991220368744512,
  "macro_f1": 0.9991220368744512,
  "balanced_accuracy": 0.9991228070175439,
  "n_test": 1139
}