{
  "accuracy": 0.8274760383386581,
  "macro_f1": 0.817836934849383,
  "balanced_accuracy": 0.814460491687528,
  "n_test": 1252
}