{
  "accuracy": 0.8402662229617305,
  "macro_f1": 0.8402126952475906,
  "balanced_accuracy": 0.8600583090379008,
  "n_test": 601
}