{
  "accuracy": 0.7733333333333333,
  "macro_f1": 0.7663123167155426,
  "balanced_accuracy": 0.7757823613086771,
  "n_test": 150
}