{
  "accuracy": 0.990590525632706,
  "macro_f1": 0.9750287421753531,
  "balanced_accuracy": 0.9649833804369079,
  "n_test": 6164
}