{
  "accuracy": 0.9329073482428115,
  "macro_f1": 0.9321761068590046,
  "balanced_accuracy": 0.9304807754027857,
  "n_test": 1252
}