{
  "accuracy": 0.9373333333333334,
  "macro_f1": 0.539269497548464,
  "balanced_accuracy": 0.5045693026717321,
  "n_test": 4500
}