{
  "accuracy": 0.9386666666666666,
  "macro_f1": 0.5521800044605142,
  "balanced_accuracy": 0.5158923818796385,
  "n_test": 4500
}