{
  "accuracy": 0.7085714285714285,
  "macro_f1": 0.6915064102564102,
  "balanced_accuracy": 0.7011211375444354,
  "n_test": 175
}