{
  "accuracy": 0.9982154445165476,
  "macro_f1": 0.99534919293023,
  "balanced_accuracy": 0.9937121855374935,
  "n_test": 6164
}