{
  "accuracy": 0.9815627743634767,
  "macro_f1": 0.9815607276416403,
  "balanced_accuracy": 0.9815542811334135,
  "n_test": 1139
}