{
  "accuracy": 0.9286666666666666,
  "macro_f1": 0.38990974480110596,
  "balanced_accuracy": 0.40061279011028406,
  "n_test": 4500
}