{
  "accuracy": 0.9543245869776482,
  "macro_f1": 0.9543135411894179,
  "balanced_accuracy": 0.9542873657010744,
  "n_test": 1029
}