{
  "accuracy": 0.83,
  "macro_f1": 0.8166325099773487,
  "balanced_accuracy": 0.8185763888888888,
  "n_test": 100
}