{
  "accuracy": 0.9375555555555556,
  "macro_f1": 0.5522162583254353,
  "balanced_accuracy": 0.515932523300964,
  "n_test": 4500
}