{
  "accuracy": 0.95,
  "macro_f1": 0.9499940730203887,
  "balanced_accuracy": 0.9499987159923157,
  "n_test": 900
}