{
  "accuracy": 0.943939393939394,
  "macro_f1": 0.9438976649298376,
  "balanced_accuracy": 0.9440273555183278,
  "n_test": 1320
}