{
  "accuracy": 0.9302222222222222,
  "macro_f1": 0.38175580766973083,
  "balanced_accuracy": 0.3963985510889577,
  "n_test": 4500
}