{
  "accuracy": 0.9798068481123793,
  "macro_f1": 0.9797993117099528,
  "balanced_accuracy": 0.9798245614035088,
  "n_test": 1139
}