{
  "accuracy": 0.9326666666666666,
  "macro_f1": 0.5327979337735436,
  "balanced_accuracy": 0.5028785183299951,
  "n_test": 4500
}