{
  "accuracy": 0.981505515898767,
  "macro_f1": 0.9480714573920446,
  "balanced_accuracy": 0.9149466683621219,
  "n_test": 6164
}