{
  "accuracy": 0.6455555555555555,
  "macro_f1": 0.6233471427019813,
  "balanced_accuracy": 0.6447352721849366,
  "n_test": 900
}