{
  "accuracy": 0.95,
  "macro_f1": 0.9494612719946499,
  "balanced_accuracy": 0.9499551585008716,
  "n_test": 900
}