{
  "accuracy": 0.9922128487994809,
  "macro_f1": 0.9794735177075875,
  "balanced_accuracy": 0.972502177429389,
  "n_test": 6164
}