{
  "accuracy": 0.742756804214223,
  "macro_f1": 0.730383709610312,
  "balanced_accuracy": 0.7429454567878395,
  "n_test": 1139
}