{
  "accuracy": 0.6,
  "macro_f1": 0.5908145211671282,
  "balanced_accuracy": 0.5932914046121592,
  "n_test": 175
}