{
  "accuracy": 0.9666666666666667,
  "macro_f1": 0.96661473839526,
  "balanced_accuracy": 0.9667327930624077,
  "n_test": 900
}