{
  "accuracy": 0.86,
  "macro_f1": 0.8417005879692447,
  "balanced_accuracy": 0.8298611111111112,
  "n_test": 100
}