{
  "accuracy": 0.9514091350826045,
  "macro_f1": 0.9514068863383931,
  "balanced_accuracy": 0.9514370551702254,
  "n_test": 1029
}