{
  "accuracy": 0.9397777777777778,
  "macro_f1": 0.5378012679224311,
  "balanced_accuracy": 0.49780657247725213,
  "n_test": 4500
}