{
  "accuracy": 0.6171428571428571,
  "macro_f1": 0.6084202320296922,
  "balanced_accuracy": 0.6165345000455748,
  "n_test": 175
}