{
  "accuracy": 0.9642857142857143,
  "macro_f1": 0.9638709677419355,
  "balanced_accuracy": 0.9615384615384616,
  "n_test": 28
}