{
  "accuracy": 0.9659863945578231,
  "macro_f1": 0.965986266063615,
  "balanced_accuracy": 0.966000271997824,
  "n_test": 1029
}