{
  "accuracy": 0.9358600583090378,
  "macro_f1": 0.935785767234989,
  "balanced_accuracy": 0.9359671789292352,
  "n_test": 1029
}