{
  "accuracy": 0.8342857142857143,
  "macro_f1": 0.8378308230122231,
  "balanced_accuracy": 0.8380275271169447,
  "n_test": 175
}