{
  "accuracy": 0.94,
  "macro_f1": 0.5441230990440331,
  "balanced_accuracy": 0.5031833668106063,
  "n_test": 4500
}