{
  "accuracy": 0.34185303514376997,
  "macro_f1": 0.31074035174925907,
  "balanced_accuracy": 0.3606932409012132,
  "n_test": 1252
}