{
  "accuracy": 0.8618968386023295,
  "macro_f1": 0.8618585935790817,
  "balanced_accuracy": 0.8770877121612765,
  "n_test": 601
}