{
  "accuracy": 0.8173836698858647,
  "macro_f1": 0.816049543757648,
  "balanced_accuracy": 0.8174590694662844,
  "n_test": 1139
}