{
  "accuracy": 0.4472843450479233,
  "macro_f1": 0.3771968163415532,
  "balanced_accuracy": 0.4764619038449195,
  "n_test": 1252
}