{
  "accuracy": 0.9689018464528668,
  "macro_f1": 0.9688994673013714,
  "balanced_accuracy": 0.9688845822566752,
  "n_test": 1029
}