{
  "accuracy": 0.84,
  "macro_f1": 0.8129967274427303,
  "balanced_accuracy": 0.7960069444444444,
  "n_test": 100
}