{
  "accuracy": 0.9876703439325114,
  "macro_f1": 0.9663131420050808,
  "balanced_accuracy": 0.9435180969335504,
  "n_test": 6164
}