{
  "accuracy": 0.9378787878787879,
  "macro_f1": 0.9378216911764705,
  "balanced_accuracy": 0.9378640910563725,
  "n_test": 1320
}