{
  "accuracy": 0.9534679543459175,
  "macro_f1": 0.953370765253353,
  "balanced_accuracy": 0.9535087719298245,
  "n_test": 1139
}