{
  "accuracy": 0.8718801996672213,
  "macro_f1": 0.8717893307844686,
  "balanced_accuracy": 0.8858340678464076,
  "n_test": 601
}