{
  "accuracy": 0.8019966722129783,
  "macro_f1": 0.8006166695938958,
  "balanced_accuracy": 0.8063597532036071,
  "n_test": 601
}