{
  "accuracy": 0.9191111111111111,
  "macro_f1": 0.454385610137147,
  "balanced_accuracy": 0.43626203696142946,
  "n_test": 4500
}