{
  "accuracy": 0.8977635782747604,
  "macro_f1": 0.8970254480590747,
  "balanced_accuracy": 0.896630078952436,
  "n_test": 1252
}