{
  "accuracy": 0.86,
  "macro_f1": 0.8391544117647058,
  "balanced_accuracy": 0.8237847222222222,
  "n_test": 100
}