{
  "accuracy": 0.32571428571428573,
  "macro_f1": 0.21232876712328766,
  "balanced_accuracy": 0.3584905660377358,
  "n_test": 175
}