{
  "accuracy": 0.966958211856171,
  "macro_f1": 0.9669574316972921,
  "balanced_accuracy": 0.9669522643818849,
  "n_test": 1029
}