{
  "accuracy": 0.85,
  "macro_f1": 0.8400000000000001,
  "balanced_accuracy": 0.8463541666666667,
  "n_test": 100
}