{
  "accuracy": 0.9931862426995457,
  "macro_f1": 0.9817934782608695,
  "balanced_accuracy": 0.968421052631579,
  "n_test": 6164
}