{
  "accuracy": 0.8571428571428571,
  "macro_f1": 0.8572414632116124,
  "balanced_accuracy": 0.8602679792179382,
  "n_test": 175
}