{
  "accuracy": 0.5666666666666667,
  "macro_f1": 0.5100256294286145,
  "balanced_accuracy": 0.5713015647226174,
  "n_test": 150
}