{
  "accuracy": 0.8342857142857143,
  "macro_f1": 0.8380043728880938,
  "balanced_accuracy": 0.8409443077203536,
  "n_test": 175
}