{
  "accuracy": 0.9455782312925171,
  "macro_f1": 0.9455555555555555,
  "balanced_accuracy": 0.9456457681671879,
  "n_test": 1029
}