{
  "accuracy": 0.8544444444444445,
  "macro_f1": 0.8523806245354998,
  "balanced_accuracy": 0.8547682119205299,
  "n_test": 900
}