{
  "accuracy": 0.956268221574344,
  "macro_f1": 0.9562601249710716,
  "balanced_accuracy": 0.9562366834398659,
  "n_test": 1029
}