{
  "accuracy": 0.826955074875208,
  "macro_f1": 0.8267819532202638,
  "balanced_accuracy": 0.8483965014577259,
  "n_test": 601
}