{
  "accuracy": 0.9408945686900958,
  "macro_f1": 0.9402702563309093,
  "balanced_accuracy": 0.9386430451248475,
  "n_test": 1252
}