{
  "accuracy": 0.9591836734693877,
  "macro_f1": 0.9591790086141756,
  "balanced_accuracy": 0.9592229928827236,
  "n_test": 1029
}