{
  "accuracy": 0.6733333333333333,
  "macro_f1": 0.6469571064892646,
  "balanced_accuracy": 0.6770981507823612,
  "n_test": 150
}