{
  "accuracy": 0.4528753993610224,
  "macro_f1": 0.43810338106329383,
  "balanced_accuracy": 0.4684369985236536,
  "n_test": 1252
}