{
  "accuracy": 0.9533527696793003,
  "macro_f1": 0.9533516682785299,
  "balanced_accuracy": 0.9533750396663494,
  "n_test": 1029
}