{
  "accuracy": 0.9736611062335382,
  "macro_f1": 0.9736537749814952,
  "balanced_accuracy": 0.973676502327876,
  "n_test": 1139
}