{
  "accuracy": 0.9133333333333333,
  "macro_f1": 0.4082699175846433,
  "balanced_accuracy": 0.4103730913402811,
  "n_test": 4500
}