{
  "accuracy": 0.9692712906057945,
  "macro_f1": 0.9692438848449079,
  "balanced_accuracy": 0.9692982456140351,
  "n_test": 1139
}