{
  "accuracy": 0.8498402555910544,
  "macro_f1": 0.8440123530425332,
  "balanced_accuracy": 0.8398562167019705,
  "n_test": 1252
}