{
  "accuracy": 0.9428888888888889,
  "macro_f1": 0.5563567612578442,
  "balanced_accuracy": 0.5136010756696133,
  "n_test": 4500
}