{
  "accuracy": 0.8735440931780366,
  "macro_f1": 0.8734428337101565,
  "balanced_accuracy": 0.8872917937939295,
  "n_test": 601
}