{
  "accuracy": 0.831946755407654,
  "macro_f1": 0.8319002162829789,
  "balanced_accuracy": 0.8513289036544851,
  "n_test": 601
}