{
  "accuracy": 0.8306709265175719,
  "macro_f1": 0.8214854511019283,
  "balanced_accuracy": 0.8179266961935939,
  "n_test": 1252
}