{
  "accuracy": 0.9426627793974732,
  "macro_f1": 0.9426593135287222,
  "balanced_accuracy": 0.9426481254816628,
  "n_test": 1029
}