{
  "accuracy": 0.9397777777777778,
  "macro_f1": 0.5500701724088336,
  "balanced_accuracy": 0.5075068248037613,
  "n_test": 4500
}