{
  "accuracy": 0.7953410981697171,
  "macro_f1": 0.7945196340863416,
  "balanced_accuracy": 0.8206997084548104,
  "n_test": 601
}