{
  "accuracy": 0.4528753993610224,
  "macro_f1": 0.32496326188783914,
  "balanced_accuracy": 0.48995057449130236,
  "n_test": 1252
}