{
  "accuracy": 0.6057142857142858,
  "macro_f1": 0.6106714134586757,
  "balanced_accuracy": 0.6112478352018959,
  "n_test": 175
}