{
  "accuracy": 0.9811111111111112,
  "macro_f1": 0.9810625471022552,
  "balanced_accuracy": 0.9811405445180279,
  "n_test": 900
}