{
  "accuracy": 0.8498402555910544,
  "macro_f1": 0.8497754699303306,
  "balanced_accuracy": 0.8567148083959175,
  "n_test": 1252
}