{
  "accuracy": 0.8881789137380192,
  "macro_f1": 0.8876971770524994,
  "balanced_accuracy": 0.8884960523782015,
  "n_test": 1252
}