{
  "accuracy": 0.6166134185303515,
  "macro_f1": 0.6162599134132791,
  "balanced_accuracy": 0.6180242634315425,
  "n_test": 1252
}