{
  "accuracy": 0.95,
  "macro_f1": 0.9497172086934537,
  "balanced_accuracy": 0.9499475038396769,
  "n_test": 900
}