{
  "accuracy": 0.9368318756073858,
  "macro_f1": 0.9367161665428776,
  "balanced_accuracy": 0.9369645042839657,
  "n_test": 1029
}