{
  "accuracy": 0.7550482879719052,
  "macro_f1": 0.7451932213174892,
  "balanced_accuracy": 0.7552215336231616,
  "n_test": 1139
}