{
  "accuracy": 0.7903494176372712,
  "macro_f1": 0.7894628558718861,
  "balanced_accuracy": 0.8158462720636428,
  "n_test": 601
}