{
  "accuracy": 0.8977635782747604,
  "macro_f1": 0.8970532309621453,
  "balanced_accuracy": 0.8967558893382117,
  "n_test": 1252
}