{
  "accuracy": 0.9552238805970149,
  "macro_f1": 0.9551374282622849,
  "balanced_accuracy": 0.9552631578947368,
  "n_test": 1139
}