{
  "accuracy": 0.9237777777777778,
  "macro_f1": 0.5349265112660727,
  "balanced_accuracy": 0.5068960464745125,
  "n_test": 4500
}