{
  "accuracy": 0.9144444444444444,
  "macro_f1": 0.5637266646257443,
  "balanced_accuracy": 0.5434647249007389,
  "n_test": 4500
}