{
  "accuracy": 0.9348484848484848,
  "macro_f1": 0.9348101731044874,
  "balanced_accuracy": 0.9350237499396772,
  "n_test": 1320
}