{
  "accuracy": 0.9066666666666666,
  "macro_f1": 0.9058464849354376,
  "balanced_accuracy": 0.905583214793741,
  "n_test": 150
}