{
  "accuracy": 0.6110223642172524,
  "macro_f1": 0.6110102044396808,
  "balanced_accuracy": 0.614348802875666,
  "n_test": 1252
}