{
  "accuracy": 0.9477777777777778,
  "macro_f1": 0.947621292741519,
  "balanced_accuracy": 0.9479688973830935,
  "n_test": 900
}