{
  "accuracy": 0.8086522462562395,
  "macro_f1": 0.8082934609250398,
  "balanced_accuracy": 0.8314009989377811,
  "n_test": 601
}