{
  "accuracy": 0.9604916593503073,
  "macro_f1": 0.9604886137365953,
  "balanced_accuracy": 0.9604846915178984,
  "n_test": 1139
}