{
  "accuracy": 0.9943218689162882,
  "macro_f1": 0.9849003358474944,
  "balanced_accuracy": 0.9736842105263157,
  "n_test": 6164
}