{
  "accuracy": 0.9297124600638977,
  "macro_f1": 0.9287434645722253,
  "balanced_accuracy": 0.9262597085820656,
  "n_test": 1252
}