{
  "accuracy": 0.8945686900958466,
  "macro_f1": 0.8928182299287115,
  "balanced_accuracy": 0.8900186148019771,
  "n_test": 1252
}