{
  "accuracy": 0.9188888888888889,
  "macro_f1": 0.497291751583835,
  "balanced_accuracy": 0.4849333201424123,
  "n_test": 4500
}