{
  "accuracy": 0.8853255587949466,
  "macro_f1": 0.8848940914158305,
  "balanced_accuracy": 0.8851545854299832,
  "n_test": 1029
}