{
  "accuracy": 0.9325757575757576,
  "macro_f1": 0.9325168492468461,
  "balanced_accuracy": 0.9325798156535887,
  "n_test": 1320
}