{
  "accuracy": 0.8234824281150159,
  "macro_f1": 0.8129568476875809,
  "balanced_accuracy": 0.8098761152833943,
  "n_test": 1252
}