{
  "accuracy": 0.84,
  "macro_f1": 0.8161764705882353,
  "balanced_accuracy": 0.8020833333333333,
  "n_test": 100
}