{
  "accuracy": 0.8252911813643927,
  "macro_f1": 0.8250974914149352,
  "balanced_accuracy": 0.846938775510204,
  "n_test": 601
}