{
  "accuracy": 0.7,
  "macro_f1": 0.6357455075279261,
  "balanced_accuracy": 0.6319444444444444,
  "n_test": 100
}