{
  "accuracy": 0.9475218658892128,
  "macro_f1": 0.9475039679540473,
  "balanced_accuracy": 0.947583752663312,
  "n_test": 1029
}