{
  "accuracy": 0.6833333333333333,
  "macro_f1": 0.6582987392733862,
  "balanced_accuracy": 0.6818493661446682,
  "n_test": 900
}