{
  "accuracy": 0.9244444444444444,
  "macro_f1": 0.5423976300686653,
  "balanced_accuracy": 0.5139391365476688,
  "n_test": 4500
}