{
  "accuracy": 0.94,
  "macro_f1": 0.9396755887215693,
  "balanced_accuracy": 0.9391891891891893,
  "n_test": 150
}