{
  "accuracy": 0.5771428571428572,
  "macro_f1": 0.47648740763691966,
  "balanced_accuracy": 0.5593838300975299,
  "n_test": 175
}