{
  "accuracy": 0.87,
  "macro_f1": 0.8580631073261273,
  "balanced_accuracy": 0.8559027777777778,
  "n_test": 100
}