{
  "accuracy": 0.961369622475856,
  "macro_f1": 0.9613695926987944,
  "balanced_accuracy": 0.9613695926987944,
  "n_test": 1139
}