{
  "accuracy": 0.9555555555555556,
  "macro_f1": 0.9548216947597753,
  "balanced_accuracy": 0.9555629139072849,
  "n_test": 900
}