{
  "accuracy": 0.8677777777777778,
  "macro_f1": 0.8668452607937769,
  "balanced_accuracy": 0.8679320068546256,
  "n_test": 900
}