{
  "accuracy": 0.9889682024659312,
  "macro_f1": 0.9700701746268269,
  "balanced_accuracy": 0.950194088603943,
  "n_test": 6164
}