{
  "accuracy": 0.9912203687445127,
  "macro_f1": 0.9912200371240573,
  "balanced_accuracy": 0.9912265285357507,
  "n_test": 1139
}