{
  "accuracy": 0.8714057507987221,
  "macro_f1": 0.8713051761531629,
  "balanced_accuracy": 0.8789793953398806,
  "n_test": 1252
}