{
  "accuracy": 0.932,
  "macro_f1": 0.5512657715183568,
  "balanced_accuracy": 0.524770954852446,
  "n_test": 4500
}