{
  "accuracy": 0.6533333333333333,
  "macro_f1": 0.6493436432296349,
  "balanced_accuracy": 0.6548719772403984,
  "n_test": 150
}