{
  "accuracy": 0.9393333333333334,
  "macro_f1": 0.534115385260392,
  "balanced_accuracy": 0.4973328111484827,
  "n_test": 4500
}