{
  "accuracy": 0.9944841012329656,
  "macro_f1": 0.985341744330746,
  "balanced_accuracy": 0.974436090225564,
  "n_test": 6164
}