{
  "accuracy": 0.88,
  "macro_f1": 0.8805812305315781,
  "balanced_accuracy": 0.8868836022240453,
  "n_test": 175
}