{
  "accuracy": 0.8849840255591054,
  "macro_f1": 0.8829760717846461,
  "balanced_accuracy": 0.8801232428268824,
  "n_test": 1252
}