{
  "accuracy": 0.66,
  "macro_f1": 0.6427070197562001,
  "balanced_accuracy": 0.6630512091038407,
  "n_test": 150
}