{
  "accuracy": 0.8236272878535774,
  "macro_f1": 0.8234116864397383,
  "balanced_accuracy": 0.8454810495626822,
  "n_test": 601
}