{
  "accuracy": 0.9151515151515152,
  "macro_f1": 0.9150811393280474,
  "balanced_accuracy": 0.9151620442183201,
  "n_test": 1320
}