{
  "accuracy": 0.9266666666666666,
  "macro_f1": 0.926401712832865,
  "balanced_accuracy": 0.9276315789473684,
  "n_test": 150
}