{
  "accuracy": 0.9956101843722563,
  "macro_f1": 0.9956101708371972,
  "balanced_accuracy": 0.9956094101686555,
  "n_test": 1139
}