{
  "accuracy": 0.9416909620991254,
  "macro_f1": 0.9416909070303351,
  "balanced_accuracy": 0.9416961330976019,
  "n_test": 1029
}