{
  "accuracy": 0.990342405618964,
  "macro_f1": 0.9903419291628413,
  "balanced_accuracy": 0.9903493355532944,
  "n_test": 1139
}