{
  "accuracy": 0.6577777777777778,
  "macro_f1": 0.6375302942818887,
  "balanced_accuracy": 0.6564405825444094,
  "n_test": 900
}