{
  "accuracy": 0.79,
  "macro_f1": 0.7643362136684996,
  "balanced_accuracy": 0.7569444444444444,
  "n_test": 100
}