{
  "accuracy": 0.8516242317822651,
  "macro_f1": 0.8498445721150283,
  "balanced_accuracy": 0.8517204698917769,
  "n_test": 1139
}