{
  "accuracy": 0.9225239616613419,
  "macro_f1": 0.9214706439596012,
  "balanced_accuracy": 0.919089800372296,
  "n_test": 1252
}