{
  "accuracy": 0.8577777777777778,
  "macro_f1": 0.8555970799599678,
  "balanced_accuracy": 0.8580721118469462,
  "n_test": 900
}