{
  "accuracy": 0.9935107073329007,
  "macro_f1": 0.9829634291377876,
  "balanced_accuracy": 0.9778562609469664,
  "n_test": 6164
}