{
  "accuracy": 0.9572400388726919,
  "macro_f1": 0.957238059977786,
  "balanced_accuracy": 0.9572283421732626,
  "n_test": 1029
}