{
  "accuracy": 0.76,
  "macro_f1": 0.7593153859868069,
  "balanced_accuracy": 0.760846372688478,
  "n_test": 150
}