{
  "accuracy": 0.7720465890183028,
  "macro_f1": 0.7703272272850261,
  "balanced_accuracy": 0.8002915451895043,
  "n_test": 601
}