{
  "accuracy": 0.9366666666666666,
  "macro_f1": 0.529197876062063,
  "balanced_accuracy": 0.4969204239614415,
  "n_test": 4500
}