{
  "accuracy": 0.9972420506164829,
  "macro_f1": 0.992783628475179,
  "balanced_accuracy": 0.9892009073420047,
  "n_test": 6164
}