{
  "accuracy": 0.7733333333333333,
  "macro_f1": 0.7677781099388256,
  "balanced_accuracy": 0.773907284768212,
  "n_test": 900
}