{
  "accuracy": 0.6857142857142857,
  "macro_f1": 0.6776013857996257,
  "balanced_accuracy": 0.6920061981587823,
  "n_test": 175
}