{
  "accuracy": 0.3485714285714286,
  "macro_f1": 0.3199366452378501,
  "balanced_accuracy": 0.36760550542338893,
  "n_test": 175
}