{
  "accuracy": 0.5014577259475219,
  "macro_f1": 0.3339805825242718,
  "balanced_accuracy": 0.5,
  "n_test": 1029
}