{
  "accuracy": 0.9,
  "macro_f1": 0.8885918003565062,
  "balanced_accuracy": 0.8793402777777778,
  "n_test": 100
}