{
  "accuracy": 0.6294995610184372,
  "macro_f1": 0.6277085850605695,
  "balanced_accuracy": 0.6294391514815156,
  "n_test": 1139
}