{
  "accuracy": 0.995944192083063,
  "macro_f1": 0.9892874633776885,
  "balanced_accuracy": 0.981203007518797,
  "n_test": 6164
}