{
  "accuracy": 0.7998244073748902,
  "macro_f1": 0.7968858521202109,
  "balanced_accuracy": 0.7999306262140413,
  "n_test": 1139
}