{
  "accuracy": 0.89,
  "macro_f1": 0.8783051222480363,
  "balanced_accuracy": 0.8715277777777778,
  "n_test": 100
}