{
  "accuracy": 0.9339164237123421,
  "macro_f1": 0.9337536923426494,
  "balanced_accuracy": 0.934068860782447,
  "n_test": 1029
}