{
  "accuracy": 0.9878325762491889,
  "macro_f1": 0.9671041560124004,
  "balanced_accuracy": 0.9488966551676519,
  "n_test": 6164
}