{
  "accuracy": 0.9373333333333334,
  "macro_f1": 0.5506204215030633,
  "balanced_accuracy": 0.5191888337325242,
  "n_test": 4500
}