{
  "accuracy": 0.9227272727272727,
  "macro_f1": 0.922607168148918,
  "balanced_accuracy": 0.9224076716786278,
  "n_test": 1320
}