{
  "accuracy": 0.7714285714285715,
  "macro_f1": 0.7718077001219017,
  "balanced_accuracy": 0.7878042111019962,
  "n_test": 175
}