{
  "accuracy": 0.9630709426627794,
  "macro_f1": 0.9630692336171788,
  "balanced_accuracy": 0.9630592955256359,
  "n_test": 1029
}