{
  "accuracy": 0.8059105431309904,
  "macro_f1": 0.7920713516838382,
  "balanced_accuracy": 0.7905603697284806,
  "n_test": 1252
}