{
  "accuracy": 0.8386023294509152,
  "macro_f1": 0.8385862417454626,
  "balanced_accuracy": 0.8571598074445725,
  "n_test": 601
}