{
  "accuracy": 0.81,
  "macro_f1": 0.7834757834757835,
  "balanced_accuracy": 0.7725694444444444,
  "n_test": 100
}