{
  "accuracy": 0.9918883841661259,
  "macro_f1": 0.978589389507217,
  "balanced_accuracy": 0.9709984180308928,
  "n_test": 6164
}