{
  "accuracy": 0.52,
  "macro_f1": 0.5192307692307692,
  "balanced_accuracy": 0.5195590327169275,
  "n_test": 150
}