{
  "accuracy": 0.8111111111111111,
  "macro_f1": 0.8112918429708967,
  "balanced_accuracy": 0.8115011037527594,
  "n_test": 900
}