{
  "accuracy": 0.8851913477537438,
  "macro_f1": 0.8841120398393683,
  "balanced_accuracy": 0.8893314801003458,
  "n_test": 601
}