{
  "accuracy": 0.9368318756073858,
  "macro_f1": 0.9367850692354003,
  "balanced_accuracy": 0.936919171313296,
  "n_test": 1029
}