{
  "accuracy": 0.9784231018818949,
  "macro_f1": 0.9390151106858051,
  "balanced_accuracy": 0.9039657244584456,
  "n_test": 6164
}