{
  "accuracy": 0.9177777777777778,
  "macro_f1": 0.9174781881895154,
  "balanced_accuracy": 0.917954279449457,
  "n_test": 900
}