{
  "accuracy": 0.9577777777777777,
  "macro_f1": 0.9570779891440672,
  "balanced_accuracy": 0.957785136129507,
  "n_test": 900
}