{
  "accuracy": 0.9777777777777777,
  "macro_f1": 0.9777553808658164,
  "balanced_accuracy": 0.9778292862398823,
  "n_test": 900
}