{
  "accuracy": 0.8086522462562395,
  "macro_f1": 0.8082360155042632,
  "balanced_accuracy": 0.8318812574863832,
  "n_test": 601
}