{
  "accuracy": 0.9951330304996755,
  "macro_f1": 0.9872225718533406,
  "balanced_accuracy": 0.9820702875574097,
  "n_test": 6164
}