{
  "accuracy": 0.7383669885864794,
  "macro_f1": 0.7277427696888416,
  "balanced_accuracy": 0.7385409921993031,
  "n_test": 1139
}