{
  "accuracy": 0.9363636363636364,
  "macro_f1": 0.9363051470588235,
  "balanced_accuracy": 0.9363474040523119,
  "n_test": 1320
}