{
  "accuracy": 0.7278314310798947,
  "macro_f1": 0.7099238271750989,
  "balanced_accuracy": 0.7280501341226528,
  "n_test": 1139
}