{
  "accuracy": 0.6571428571428571,
  "macro_f1": 0.6381733786766899,
  "balanced_accuracy": 0.6547260960714611,
  "n_test": 175
}