{
  "accuracy": 0.8,
  "macro_f1": 0.7619047619047619,
  "balanced_accuracy": 0.7465277777777778,
  "n_test": 100
}