{
  "accuracy": 0.8219633943427621,
  "macro_f1": 0.8217245097957678,
  "balanced_accuracy": 0.8440233236151604,
  "n_test": 601
}