{
  "accuracy": 0.77,
  "macro_f1": 0.7488808821923791,
  "balanced_accuracy": 0.7473958333333333,
  "n_test": 100
}