{
  "accuracy": 0.8388888888888889,
  "macro_f1": 0.835146231185357,
  "balanced_accuracy": 0.8391905813097865,
  "n_test": 900
}