{
  "accuracy": 0.9504373177842566,
  "macro_f1": 0.9503831481017505,
  "balanced_accuracy": 0.9505417289995013,
  "n_test": 1029
}