{
  "accuracy": 0.9358600583090378,
  "macro_f1": 0.9357259670348806,
  "balanced_accuracy": 0.9360011786572374,
  "n_test": 1029
}