{
  "accuracy": 0.9371212121212121,
  "macro_f1": 0.9370272083154434,
  "balanced_accuracy": 0.9368403273286317,
  "n_test": 1320
}