{
  "accuracy": 0.94,
  "macro_f1": 0.617695432390023,
  "balanced_accuracy": 0.5954722627136646,
  "n_test": 4500
}