{
  "accuracy": 0.82,
  "macro_f1": 0.8046875,
  "balanced_accuracy": 0.8046875,
  "n_test": 100
}