{
  "accuracy": 0.9947322212467077,
  "macro_f1": 0.9947321197321197,
  "balanced_accuracy": 0.9947368421052631,
  "n_test": 1139
}