{
  "accuracy": 0.9642857142857143,
  "macro_f1": 0.9642401021711366,
  "balanced_accuracy": 0.9666666666666667,
  "n_test": 28
}