{
  "accuracy": 0.9373333333333334,
  "macro_f1": 0.5602919984429746,
  "balanced_accuracy": 0.5174272460847621,
  "n_test": 4500
}