{
  "accuracy": 0.8733333333333333,
  "macro_f1": 0.8716852010265184,
  "balanced_accuracy": 0.871977240398293,
  "n_test": 150
}