{
  "accuracy": 0.9974042829331603,
  "macro_f1": 0.9932396769763239,
  "balanced_accuracy": 0.9919356492704756,
  "n_test": 6164
}