{
  "accuracy": 0.9601554907677357,
  "macro_f1": 0.9601458550801305,
  "balanced_accuracy": 0.9601183190534475,
  "n_test": 1029
}