{
  "accuracy": 0.7092651757188498,
  "macro_f1": 0.663893608987067,
  "balanced_accuracy": 0.6847012003337827,
  "n_test": 1252
}