{
  "accuracy": 0.91,
  "macro_f1": 0.9004314636574842,
  "balanced_accuracy": 0.8932291666666667,
  "n_test": 100
}