{
  "accuracy": 0.9611273080660836,
  "macro_f1": 0.9611255090707145,
  "balanced_accuracy": 0.9611156444081781,
  "n_test": 1029
}