{
  "accuracy": 0.7142857142857143,
  "macro_f1": 0.7083333333333333,
  "balanced_accuracy": 0.7282051282051283,
  "n_test": 28
}