{
  "accuracy": 0.5066666666666667,
  "macro_f1": 0.336283185840708,
  "balanced_accuracy": 0.5,
  "n_test": 150
}