{
  "accuracy": 0.9566666666666667,
  "macro_f1": 0.9561805368913725,
  "balanced_accuracy": 0.9567034584253128,
  "n_test": 900
}