{
  "accuracy": 0.9763140817650876,
  "macro_f1": 0.9324055391249066,
  "balanced_accuracy": 0.89419128836822,
  "n_test": 6164
}