{
  "accuracy": 0.9845879299156391,
  "macro_f1": 0.95838986883763,
  "balanced_accuracy": 0.941129556023173,
  "n_test": 6164
}