{
  "accuracy": 0.9904761904761905,
  "macro_f1": 0.9907834101382489,
  "balanced_accuracy": 0.9910714285714286,
  "n_test": 105
}