{
  "accuracy": 0.84,
  "macro_f1": 0.8283998283998284,
  "balanced_accuracy": 0.8324652777777778,
  "n_test": 100
}