{
  "accuracy": 0.636523266022827,
  "macro_f1": 0.5874026137660211,
  "balanced_accuracy": 0.6368266888662781,
  "n_test": 1139
}