{
  "accuracy": 0.9918883841661259,
  "macro_f1": 0.9788177704198204,
  "balanced_accuracy": 0.9762860506421537,
  "n_test": 6164
}