{
  "accuracy": 0.8538338658146964,
  "macro_f1": 0.8493925177432936,
  "balanced_accuracy": 0.8455728865780858,
  "n_test": 1252
}