{
  "accuracy": 0.9096209912536443,
  "macro_f1": 0.9093895962360943,
  "balanced_accuracy": 0.9094813908155401,
  "n_test": 1029
}