{
  "accuracy": 0.9353035143769968,
  "macro_f1": 0.9346935305947788,
  "balanced_accuracy": 0.9334578599396623,
  "n_test": 1252
}