{
  "accuracy": 0.8901830282861897,
  "macro_f1": 0.890073162620552,
  "balanced_accuracy": 0.9037900874635568,
  "n_test": 601
}