{
  "accuracy": 0.831946755407654,
  "macro_f1": 0.8318275637562509,
  "balanced_accuracy": 0.8527696793002916,
  "n_test": 601
}