{
  "accuracy": 0.9355555555555556,
  "macro_f1": 0.5127474368970686,
  "balanced_accuracy": 0.47612524826190317,
  "n_test": 4500
}