{
  "accuracy": 0.98,
  "macro_f1": 0.9799919967987194,
  "balanced_accuracy": 0.9799075391180654,
  "n_test": 150
}