{
  "accuracy": 0.9273162939297125,
  "macro_f1": 0.9266759556317836,
  "balanced_accuracy": 0.9256730213749278,
  "n_test": 1252
}