{
  "accuracy": 0.936,
  "macro_f1": 0.5843421940601276,
  "balanced_accuracy": 0.5521175212779759,
  "n_test": 4500
}