{
  "accuracy": 0.7392449517120281,
  "macro_f1": 0.7277542824721444,
  "balanced_accuracy": 0.7394258933801992,
  "n_test": 1139
}