{
  "accuracy": 0.76,
  "macro_f1": 0.7589712333898381,
  "balanced_accuracy": 0.7810591559566129,
  "n_test": 175
}