{
  "accuracy": 0.9448888888888889,
  "macro_f1": 0.6271872932526923,
  "balanced_accuracy": 0.5801544696848419,
  "n_test": 4500
}