{
  "accuracy": 0.9977287475665152,
  "macro_f1": 0.9940531369606056,
  "balanced_accuracy": 0.9901346382869339,
  "n_test": 6164
}