{
  "accuracy": 0.8825878594249201,
  "macro_f1": 0.8821185155864195,
  "balanced_accuracy": 0.8830592464214648,
  "n_test": 1252
}