{
  "accuracy": 0.88,
  "macro_f1": 0.8798076923076923,
  "balanced_accuracy": 0.8806899004267426,
  "n_test": 150
}