{
  "accuracy": 0.9941596365996106,
  "macro_f1": 0.9846670862240088,
  "balanced_accuracy": 0.9795418715911437,
  "n_test": 6164
}