{
  "accuracy": 0.9601554907677357,
  "macro_f1": 0.9601541360307139,
  "balanced_accuracy": 0.9601806518881182,
  "n_test": 1029
}