{
  "accuracy": 0.8718801996672213,
  "macro_f1": 0.871310146523508,
  "balanced_accuracy": 0.8800709652631817,
  "n_test": 601
}