{
  "accuracy": 0.9358600583090378,
  "macro_f1": 0.9357371576509061,
  "balanced_accuracy": 0.9359955120359037,
  "n_test": 1029
}