{
  "accuracy": 0.72,
  "macro_f1": 0.7108600882720985,
  "balanced_accuracy": 0.715158144198341,
  "n_test": 175
}