{
  "accuracy": 0.8768718801996672,
  "macro_f1": 0.876830619253351,
  "balanced_accuracy": 0.892128279883382,
  "n_test": 601
}