{
  "accuracy": 0.7533333333333333,
  "macro_f1": 0.7462857142857142,
  "balanced_accuracy": 0.7556899004267426,
  "n_test": 150
}