{
  "accuracy": 0.8114285714285714,
  "macro_f1": 0.8125238660229659,
  "balanced_accuracy": 0.8172454653176556,
  "n_test": 175
}