{
  "accuracy": 0.8069883527454242,
  "macro_f1": 0.8065980159346635,
  "balanced_accuracy": 0.8299432729902592,
  "n_test": 601
}