{
  "accuracy": 0.9987021414665801,
  "macro_f1": 0.9966198384881619,
  "balanced_accuracy": 0.9953068705588302,
  "n_test": 6164
}