{
  "accuracy": 0.9966666666666667,
  "macro_f1": 0.996677511665963,
  "balanced_accuracy": 0.9966666666666667,
  "n_test": 900
}