{
  "accuracy": 0.7428571428571429,
  "macro_f1": 0.7377138498419963,
  "balanced_accuracy": 0.7373985962993347,
  "n_test": 175
}