{
  "accuracy": 0.81,
  "macro_f1": 0.7759169713409599,
  "balanced_accuracy": 0.7604166666666667,
  "n_test": 100
}