{
  "accuracy": 0.9308888888888889,
  "macro_f1": 0.5228332430593117,
  "balanced_accuracy": 0.49849951969604156,
  "n_test": 4500
}