{
  "accuracy": 0.8793929712460063,
  "macro_f1": 0.8793892009658969,
  "balanced_accuracy": 0.8843738365748764,
  "n_test": 1252
}