{
  "accuracy": 0.7933333333333333,
  "macro_f1": 0.7864131183684717,
  "balanced_accuracy": 0.7910739687055477,
  "n_test": 150
}