{
  "accuracy": 0.9378787878787879,
  "macro_f1": 0.9378032551008916,
  "balanced_accuracy": 0.937719316387803,
  "n_test": 1320
}