{
  "accuracy": 0.891846921797005,
  "macro_f1": 0.8917270184949598,
  "balanced_accuracy": 0.9052478134110787,
  "n_test": 601
}