{
  "accuracy": 0.9404444444444444,
  "macro_f1": 0.606036628347483,
  "balanced_accuracy": 0.5650800142295176,
  "n_test": 4500
}