{
  "accuracy": 0.6822222222222222,
  "macro_f1": 0.656739596431858,
  "balanced_accuracy": 0.680730797912006,
  "n_test": 900
}