{
  "accuracy": 0.9288888888888889,
  "macro_f1": 0.928592744681767,
  "balanced_accuracy": 0.9289098774760359,
  "n_test": 900
}