{
  "accuracy": 0.8369384359400999,
  "macro_f1": 0.836927149090748,
  "balanced_accuracy": 0.8552218229484485,
  "n_test": 601
}