{
  "accuracy": 0.8785942492012779,
  "macro_f1": 0.8777830582493096,
  "balanced_accuracy": 0.877594197316901,
  "n_test": 1252
}