{
  "accuracy": 0.9928617780661908,
  "macro_f1": 0.981184057898622,
  "balanced_accuracy": 0.9741877880735663,
  "n_test": 6164
}