{
  "accuracy": 0.8282747603833865,
  "macro_f1": 0.8250104175943905,
  "balanced_accuracy": 0.8226240451890365,
  "n_test": 1252
}