{
  "accuracy": 0.6,
  "macro_f1": 0.5932192965596771,
  "balanced_accuracy": 0.6224592106462491,
  "n_test": 175
}