{
  "accuracy": 0.7257142857142858,
  "macro_f1": 0.7252184143000598,
  "balanced_accuracy": 0.7301977941846687,
  "n_test": 175
}