{
  "accuracy": 0.5390693590869183,
  "macro_f1": 0.4153234677265594,
  "balanced_accuracy": 0.5394736842105263,
  "n_test": 1139
}