{
  "accuracy": 0.7550482879719052,
  "macro_f1": 0.7459103756801382,
  "balanced_accuracy": 0.7552153670644097,
  "n_test": 1139
}