{
  "accuracy": 0.8066666666666666,
  "macro_f1": 0.8011428571428572,
  "balanced_accuracy": 0.8045874822190612,
  "n_test": 150
}