{
  "accuracy": 0.9572400388726919,
  "macro_f1": 0.9572186651951409,
  "balanced_accuracy": 0.957183009202593,
  "n_test": 1029
}