{
  "accuracy": 0.9494655004859086,
  "macro_f1": 0.9494650709460991,
  "balanced_accuracy": 0.9494650709460991,
  "n_test": 1029
}