{
  "accuracy": 0.972744970798183,
  "macro_f1": 0.9206768973393816,
  "balanced_accuracy": 0.8763280268319462,
  "n_test": 6164
}