{
  "accuracy": 0.7720465890183028,
  "macro_f1": 0.7707033153710124,
  "balanced_accuracy": 0.7988507695436979,
  "n_test": 601
}