{
  "accuracy": 0.85,
  "macro_f1": 0.8262078554049357,
  "balanced_accuracy": 0.8098958333333333,
  "n_test": 100
}