{
  "accuracy": 0.9113418530351438,
  "macro_f1": 0.9101365100981003,
  "balanced_accuracy": 0.9078387573014957,
  "n_test": 1252
}