{
  "accuracy": 0.9268888888888889,
  "macro_f1": 0.3891793002230508,
  "balanced_accuracy": 0.3999540766532714,
  "n_test": 4500
}