{
  "accuracy": 0.9406666666666667,
  "macro_f1": 0.6034299146233009,
  "balanced_accuracy": 0.554709665745838,
  "n_test": 4500
}