{
  "accuracy": 0.79,
  "macro_f1": 0.7837503861600247,
  "balanced_accuracy": 0.8055555555555556,
  "n_test": 100
}