{
  "accuracy": 0.9388888888888889,
  "macro_f1": 0.9382295016328315,
  "balanced_accuracy": 0.9389992641648272,
  "n_test": 900
}