{
  "accuracy": 0.7266666666666667,
  "macro_f1": 0.7109283196239717,
  "balanced_accuracy": 0.7299075391180655,
  "n_test": 150
}