{
  "accuracy": 0.7142857142857143,
  "macro_f1": 0.7151635720601238,
  "balanced_accuracy": 0.7292863002461033,
  "n_test": 175
}