{
  "accuracy": 0.853035143769968,
  "macro_f1": 0.8484401110540929,
  "balanced_accuracy": 0.8445805250657936,
  "n_test": 1252
}