{
  "accuracy": 0.7066666666666667,
  "macro_f1": 0.688737973967176,
  "balanced_accuracy": 0.7099928876244666,
  "n_test": 150
}