{
  "accuracy": 0.9533527696793003,
  "macro_f1": 0.9533492009520571,
  "balanced_accuracy": 0.9533863729090167,
  "n_test": 1029
}