{
  "accuracy": 0.977774172615185,
  "macro_f1": 0.9364299530527388,
  "balanced_accuracy": 0.8969924812030075,
  "n_test": 6164
}