{
  "accuracy": 0.9477272727272728,
  "macro_f1": 0.9476363636363636,
  "balanced_accuracy": 0.9473606199113427,
  "n_test": 1320
}