{
  "accuracy": 0.7653910149750416,
  "macro_f1": 0.7634815858883292,
  "balanced_accuracy": 0.7939803828508147,
  "n_test": 601
}