{
  "accuracy": 0.9153354632587859,
  "macro_f1": 0.9148758210180623,
  "balanced_accuracy": 0.9151909621926952,
  "n_test": 1252
}