{
  "accuracy": 0.9233333333333333,
  "macro_f1": 0.5317343468859921,
  "balanced_accuracy": 0.4963662042041612,
  "n_test": 4500
}