{
  "accuracy": 0.925,
  "macro_f1": 0.9249344727577276,
  "balanced_accuracy": 0.9249963806332857,
  "n_test": 1320
}