{
  "accuracy": 0.7853577371048253,
  "macro_f1": 0.7850149046793761,
  "balanced_accuracy": 0.8071507672836576,
  "n_test": 601
}