{
  "accuracy": 0.7857769973661106,
  "macro_f1": 0.7842762843321721,
  "balanced_accuracy": 0.7858508309437918,
  "n_test": 1139
}