{
  "accuracy": 0.9428571428571428,
  "macro_f1": 0.9476190476190477,
  "balanced_accuracy": 0.9591836734693878,
  "n_test": 105
}