{
  "accuracy": 0.4536741214057508,
  "macro_f1": 0.3206598825310093,
  "balanced_accuracy": 0.49132036716092176,
  "n_test": 1252
}