{
  "accuracy": 0.9,
  "macro_f1": 0.8914930555555556,
  "balanced_accuracy": 0.8914930555555556,
  "n_test": 100
}