{
  "accuracy": 0.9436345966958212,
  "macro_f1": 0.9436345434626572,
  "balanced_accuracy": 0.9436454508363933,
  "n_test": 1029
}