{
  "accuracy": 0.7820299500831946,
  "macro_f1": 0.7809602239057192,
  "balanced_accuracy": 0.8080773837774312,
  "n_test": 601
}