{
  "accuracy": 0.9965931213497728,
  "macro_f1": 0.9910856587046328,
  "balanced_accuracy": 0.9875152966978274,
  "n_test": 6164
}