{
  "accuracy": 0.72,
  "macro_f1": 0.7220230749642514,
  "balanced_accuracy": 0.7282836569136816,
  "n_test": 175
}