{
  "accuracy": 0.9386666666666666,
  "macro_f1": 0.6027046743256979,
  "balanced_accuracy": 0.5596967083442372,
  "n_test": 4500
}