{
  "accuracy": 0.9533333333333334,
  "macro_f1": 0.9531647263481868,
  "balanced_accuracy": 0.9527027027027026,
  "n_test": 150
}