{
  "accuracy": 0.9206666666666666,
  "macro_f1": 0.4085935042272036,
  "balanced_accuracy": 0.4104060971261436,
  "n_test": 4500
}