{
  "accuracy": 0.7761194029850746,
  "macro_f1": 0.7712608238532327,
  "balanced_accuracy": 0.7762479573274135,
  "n_test": 1139
}