{
  "accuracy": 0.944,
  "macro_f1": 0.6188369538452196,
  "balanced_accuracy": 0.5754173878402568,
  "n_test": 4500
}