{
  "accuracy": 0.9925373134328358,
  "macro_f1": 0.9803816400092106,
  "balanced_accuracy": 0.9746668909042929,
  "n_test": 6164
}