{
  "accuracy": 0.6844444444444444,
  "macro_f1": 0.6722243140079724,
  "balanced_accuracy": 0.6834335847025299,
  "n_test": 900
}