{
  "accuracy": 0.8,
  "macro_f1": 0.7919065061922205,
  "balanced_accuracy": 0.7929997265518184,
  "n_test": 175
}