{
  "accuracy": 0.9422222222222222,
  "macro_f1": 0.9407516450037848,
  "balanced_accuracy": 0.9422222222222222,
  "n_test": 900
}