{
  "accuracy": 0.994646333549643,
  "macro_f1": 0.9858403161725167,
  "balanced_accuracy": 0.9771708321540349,
  "n_test": 6164
}