{
  "accuracy": 0.9640427599611273,
  "macro_f1": 0.9640405864502157,
  "balanced_accuracy": 0.9640736207443674,
  "n_test": 1029
}