{
  "accuracy": 0.9337777777777778,
  "macro_f1": 0.5499262105961791,
  "balanced_accuracy": 0.5245444433258709,
  "n_test": 4500
}