{
  "accuracy": 0.88,
  "macro_f1": 0.8811422495633021,
  "balanced_accuracy": 0.8898003828274543,
  "n_test": 175
}