{
  "accuracy": 0.95,
  "macro_f1": 0.9501549722209189,
  "balanced_accuracy": 0.950139808682855,
  "n_test": 900
}