{
  "accuracy": 0.9947322212467077,
  "macro_f1": 0.9947321847019066,
  "balanced_accuracy": 0.9947306755465113,
  "n_test": 1139
}