{
  "accuracy": 0.9340909090909091,
  "macro_f1": 0.9340208933837618,
  "balanced_accuracy": 0.9339999862119364,
  "n_test": 1320
}