{
  "accuracy": 0.9650145772594753,
  "macro_f1": 0.9650105788121506,
  "balanced_accuracy": 0.9650539462350968,
  "n_test": 1029
}