{
  "accuracy": 0.9572400388726919,
  "macro_f1": 0.9572309505996508,
  "balanced_accuracy": 0.9572906750079333,
  "n_test": 1029
}