{
  "accuracy": 0.5771428571428572,
  "macro_f1": 0.5551152390780874,
  "balanced_accuracy": 0.5564670494941208,
  "n_test": 175
}