{
  "accuracy": 0.9386666666666666,
  "macro_f1": 0.5464554141441142,
  "balanced_accuracy": 0.5091603044099382,
  "n_test": 4500
}