{
  "accuracy": 0.9444444444444444,
  "macro_f1": 0.616749342338272,
  "balanced_accuracy": 0.5690695744718204,
  "n_test": 4500
}