{
  "accuracy": 0.9523809523809523,
  "macro_f1": 0.9523721360796111,
  "balanced_accuracy": 0.952428713903622,
  "n_test": 1029
}