{
  "accuracy": 0.7666666666666667,
  "macro_f1": 0.7562560935976601,
  "balanced_accuracy": 0.7695590327169275,
  "n_test": 150
}