{
  "accuracy": 0.9943218689162882,
  "macro_f1": 0.9850830014737917,
  "balanced_accuracy": 0.9796327972139842,
  "n_test": 6164
}