{
  "accuracy": 0.6154521510096576,
  "macro_f1": 0.6147962492819155,
  "balanced_accuracy": 0.6154163968797213,
  "n_test": 1139
}