{
  "accuracy": 0.4057142857142857,
  "macro_f1": 0.4129684246275393,
  "balanced_accuracy": 0.4042475617537143,
  "n_test": 175
}