{
  "accuracy": 0.9273162939297125,
  "macro_f1": 0.9262720644430251,
  "balanced_accuracy": 0.9236600552025163,
  "n_test": 1252
}