{
  "accuracy": 0.6056572379367721,
  "macro_f1": 0.5787096602454325,
  "balanced_accuracy": 0.6545189504373178,
  "n_test": 601
}