{
  "accuracy": 0.8411111111111111,
  "macro_f1": 0.8362027277018563,
  "balanced_accuracy": 0.8413097866077998,
  "n_test": 900
}