{
  "accuracy": 0.8219633943427621,
  "macro_f1": 0.8217660150609338,
  "balanced_accuracy": 0.8435430650665582,
  "n_test": 601
}