{
  "accuracy": 0.9348888888888889,
  "macro_f1": 0.5493740036062731,
  "balanced_accuracy": 0.5227745412503244,
  "n_test": 4500
}