{
  "accuracy": 0.5485714285714286,
  "macro_f1": 0.5413249360415274,
  "balanced_accuracy": 0.549813143742594,
  "n_test": 175
}