{
  "accuracy": 0.9047619047619048,
  "macro_f1": 0.9045454545454545,
  "balanced_accuracy": 0.9046307629538963,
  "n_test": 1029
}