{
  "accuracy": 0.9085714285714286,
  "macro_f1": 0.9091328114583929,
  "balanced_accuracy": 0.9154133625011394,
  "n_test": 175
}