{
  "accuracy": 0.9304444444444444,
  "macro_f1": 0.39463260544775597,
  "balanced_accuracy": 0.40302399267267724,
  "n_test": 4500
}