{
  "accuracy": 0.9391111111111111,
  "macro_f1": 0.5418175790960444,
  "balanced_accuracy": 0.5111579066960534,
  "n_test": 4500
}