{
  "accuracy": 0.9321086261980831,
  "macro_f1": 0.9314027878494884,
  "balanced_accuracy": 0.9298658450478208,
  "n_test": 1252
}