{
  "accuracy": 0.38285714285714284,
  "macro_f1": 0.32000903342366754,
  "balanced_accuracy": 0.40825813508340164,
  "n_test": 175
}