{
  "accuracy": 0.9800454250486696,
  "macro_f1": 0.9440127586505587,
  "balanced_accuracy": 0.9114845214509268,
  "n_test": 6164
}