{
  "accuracy": 0.9504373177842566,
  "macro_f1": 0.9504343218638107,
  "balanced_accuracy": 0.9504227299514938,
  "n_test": 1029
}