{
  "accuracy": 0.9733333333333334,
  "macro_f1": 0.9732905982905983,
  "balanced_accuracy": 0.972972972972973,
  "n_test": 150
}