{
  "accuracy": 0.9810188189487346,
  "macro_f1": 0.9469760517014154,
  "balanced_accuracy": 0.9159957996464155,
  "n_test": 6164
}