{
  "accuracy": 0.8742857142857143,
  "macro_f1": 0.8748895234853213,
  "balanced_accuracy": 0.887886245556467,
  "n_test": 175
}