{
  "accuracy": 0.8971428571428571,
  "macro_f1": 0.8982683982683982,
  "balanced_accuracy": 0.905751526752347,
  "n_test": 175
}