{
  "accuracy": 0.8333333333333334,
  "macro_f1": 0.832072007523174,
  "balanced_accuracy": 0.8346372688477952,
  "n_test": 150
}