{
  "accuracy": 0.9683933274802459,
  "macro_f1": 0.9683634545589215,
  "balanced_accuracy": 0.968421052631579,
  "n_test": 1139
}