{
  "accuracy": 0.9344444444444444,
  "macro_f1": 0.9345119550026625,
  "balanced_accuracy": 0.9345758083075296,
  "n_test": 900
}