{
  "accuracy": 0.72,
  "macro_f1": 0.7007978723404256,
  "balanced_accuracy": 0.7235064011379801,
  "n_test": 150
}