{
  "accuracy": 0.9591836734693877,
  "macro_f1": 0.9591725300221434,
  "balanced_accuracy": 0.9591436601840518,
  "n_test": 1029
}