{
  "accuracy": 0.8147497805092186,
  "macro_f1": 0.8120704553007644,
  "balanced_accuracy": 0.8148552400332995,
  "n_test": 1139
}