{
  "accuracy": 0.9404444444444444,
  "macro_f1": 0.5711055542194303,
  "balanced_accuracy": 0.538787371799182,
  "n_test": 4500
}