{
  "accuracy": 0.94,
  "macro_f1": 0.5429898220742388,
  "balanced_accuracy": 0.5074271141596445,
  "n_test": 4500
}