{
  "accuracy": 0.8866666666666667,
  "macro_f1": 0.8864193131709055,
  "balanced_accuracy": 0.8874466571834994,
  "n_test": 150
}