{
  "accuracy": 0.24571428571428572,
  "macro_f1": 0.2027898807714392,
  "balanced_accuracy": 0.27044025157232704,
  "n_test": 175
}