{
  "accuracy": 0.5715539947322212,
  "macro_f1": 0.475705370550638,
  "balanced_accuracy": 0.5719298245614035,
  "n_test": 1139
}