{
  "accuracy": 0.9688888888888889,
  "macro_f1": 0.9687223023980177,
  "balanced_accuracy": 0.9689182235259839,
  "n_test": 900
}