{
  "accuracy": 0.9028571428571428,
  "macro_f1": 0.9037873644172857,
  "balanced_accuracy": 0.9120408349284478,
  "n_test": 175
}