{
  "accuracy": 0.8714057507987221,
  "macro_f1": 0.8705966413366348,
  "balanced_accuracy": 0.8705500994929072,
  "n_test": 1252
}