{
  "accuracy": 0.9155555555555556,
  "macro_f1": 0.5643800037525086,
  "balanced_accuracy": 0.5374446163298452,
  "n_test": 4500
}