{
  "accuracy": 0.8843537414965986,
  "macro_f1": 0.8839046404581202,
  "balanced_accuracy": 0.8841799265605875,
  "n_test": 1029
}