{
  "accuracy": 0.9982440737489026,
  "macro_f1": 0.9982440723953998,
  "balanced_accuracy": 0.9982456140350877,
  "n_test": 1139
}