{
  "accuracy": 0.884185303514377,
  "macro_f1": 0.8824757898443909,
  "balanced_accuracy": 0.8801373644007959,
  "n_test": 1252
}