{
  "accuracy": 0.9300291545189504,
  "macro_f1": 0.9298950810737158,
  "balanced_accuracy": 0.9301645586835305,
  "n_test": 1029
}