{
  "accuracy": 0.9344444444444444,
  "macro_f1": 0.9344431582307009,
  "balanced_accuracy": 0.934642527322202,
  "n_test": 900
}