{
  "accuracy": 0.6805324459234608,
  "macro_f1": 0.6700747958553489,
  "balanced_accuracy": 0.7201166180758017,
  "n_test": 601
}