{
  "accuracy": 0.9455782312925171,
  "macro_f1": 0.9455757126990003,
  "balanced_accuracy": 0.9456061018178521,
  "n_test": 1029
}