{
  "accuracy": 0.9448888888888889,
  "macro_f1": 0.6248117947426907,
  "balanced_accuracy": 0.5824535723027153,
  "n_test": 4500
}