{
  "accuracy": 0.74,
  "macro_f1": 0.643640350877193,
  "balanced_accuracy": 0.6449652777777778,
  "n_test": 100
}