{
  "accuracy": 0.8722044728434505,
  "macro_f1": 0.869568048338998,
  "balanced_accuracy": 0.8663842351883946,
  "n_test": 1252
}