{
  "accuracy": 0.5885714285714285,
  "macro_f1": 0.5949062612069599,
  "balanced_accuracy": 0.6025886427855255,
  "n_test": 175
}