{
  "accuracy": 0.9106666666666666,
  "macro_f1": 0.5032958625849291,
  "balanced_accuracy": 0.47317532502710097,
  "n_test": 4500
}