{
  "accuracy": 0.9514091350826045,
  "macro_f1": 0.9513958690739803,
  "balanced_accuracy": 0.9514653882768938,
  "n_test": 1029
}