{
  "accuracy": 0.7803660565723793,
  "macro_f1": 0.7798534798534799,
  "balanced_accuracy": 0.8032578479896942,
  "n_test": 601
}