{
  "accuracy": 0.9351111111111111,
  "macro_f1": 0.5090875622690154,
  "balanced_accuracy": 0.4735082274298758,
  "n_test": 4500
}