{
  "accuracy": 0.8785942492012779,
  "macro_f1": 0.8785892920941152,
  "balanced_accuracy": 0.8845137685345658,
  "n_test": 1252
}