{
  "accuracy": 0.6453028972783144,
  "macro_f1": 0.6021806939766369,
  "balanced_accuracy": 0.6455924521320877,
  "n_test": 1139
}