{
  "accuracy": 0.8634185303514377,
  "macro_f1": 0.8593475611558765,
  "balanced_accuracy": 0.8553424481674048,
  "n_test": 1252
}