{
  "accuracy": 0.76,
  "macro_f1": 0.7362637362637363,
  "balanced_accuracy": 0.7335069444444444,
  "n_test": 100
}