{
  "accuracy": 0.926,
  "macro_f1": 0.3798382829894228,
  "balanced_accuracy": 0.39395896028901606,
  "n_test": 4500
}