{
  "accuracy": 0.7333333333333333,
  "macro_f1": 0.732905982905983,
  "balanced_accuracy": 0.7339971550497866,
  "n_test": 150
}