{
  "accuracy": 0.8186356073211315,
  "macro_f1": 0.8183922576424177,
  "balanced_accuracy": 0.8406276131715145,
  "n_test": 601
}