{
  "accuracy": 0.9151414309484193,
  "macro_f1": 0.9148008238894587,
  "balanced_accuracy": 0.9246954595791805,
  "n_test": 601
}