{
  "accuracy": 0.8571428571428571,
  "macro_f1": 0.8584028383052451,
  "balanced_accuracy": 0.8631847598213472,
  "n_test": 175
}