{
  "accuracy": 0.889776357827476,
  "macro_f1": 0.8894502457002458,
  "balanced_accuracy": 0.8909840169458887,
  "n_test": 1252
}