{
  "accuracy": 0.5741878841088675,
  "macro_f1": 0.48035632816431734,
  "balanced_accuracy": 0.5745614035087719,
  "n_test": 1139
}