{
  "accuracy": 0.72,
  "macro_f1": 0.6266666666666667,
  "balanced_accuracy": 0.6293402777777778,
  "n_test": 100
}