{
  "accuracy": 0.9933484750162233,
  "macro_f1": 0.9824787673156533,
  "balanced_accuracy": 0.9757824730949032,
  "n_test": 6164
}