{
  "accuracy": 0.8674121405750799,
  "macro_f1": 0.8640109926061637,
  "balanced_accuracy": 0.8603042557288658,
  "n_test": 1252
}