{
  "accuracy": 0.9333333333333333,
  "macro_f1": 0.9332591768631813,
  "balanced_accuracy": 0.9332175135984777,
  "n_test": 1320
}