{
  "accuracy": 0.7963125548726954,
  "macro_f1": 0.7934968803531015,
  "balanced_accuracy": 0.7964156877254648,
  "n_test": 1139
}