{
  "accuracy": 0.9970798182998053,
  "macro_f1": 0.9923540332350642,
  "balanced_accuracy": 0.9884490276427567,
  "n_test": 6164
}