{
  "accuracy": 0.6,
  "macro_f1": 0.6019847847337328,
  "balanced_accuracy": 0.6268343815513627,
  "n_test": 175
}