{
  "accuracy": 0.9444444444444444,
  "macro_f1": 0.6243246555468768,
  "balanced_accuracy": 0.5859556695407854,
  "n_test": 4500
}