{
  "accuracy": 0.9972420506164829,
  "macro_f1": 0.9928028316682824,
  "balanced_accuracy": 0.99052281549482,
  "n_test": 6164
}