{
  "accuracy": 0.9582118561710399,
  "macro_f1": 0.9581960638335061,
  "balanced_accuracy": 0.9582766671199964,
  "n_test": 1029
}