{
  "accuracy": 0.9933484750162233,
  "macro_f1": 0.982502320974443,
  "balanced_accuracy": 0.9764434271713107,
  "n_test": 6164
}