{
  "accuracy": 0.9146666666666666,
  "macro_f1": 0.5388018188969722,
  "balanced_accuracy": 0.5104443327808654,
  "n_test": 4500
}