{
  "accuracy": 0.6971428571428572,
  "macro_f1": 0.6783851840677917,
  "balanced_accuracy": 0.6797921793820071,
  "n_test": 175
}