{
  "accuracy": 0.7828571428571428,
  "macro_f1": 0.7831873579620527,
  "balanced_accuracy": 0.790174095342266,
  "n_test": 175
}