{
  "accuracy": 0.9337060702875399,
  "macro_f1": 0.9329494165432648,
  "balanced_accuracy": 0.9310957057577508,
  "n_test": 1252
}