{
  "accuracy": 0.9415555555555556,
  "macro_f1": 0.5753026577561765,
  "balanced_accuracy": 0.5302626638027759,
  "n_test": 4500
}