{
  "accuracy": 0.8933333333333333,
  "macro_f1": 0.8921057363783492,
  "balanced_accuracy": 0.8920697012802276,
  "n_test": 150
}