{
  "accuracy": 0.88,
  "macro_f1": 0.864314789687924,
  "balanced_accuracy": 0.8515625,
  "n_test": 100
}