{
  "accuracy": 0.4488817891373802,
  "macro_f1": 0.37899682554287817,
  "balanced_accuracy": 0.47806919571217665,
  "n_test": 1252
}