{
  "accuracy": 0.6971428571428572,
  "macro_f1": 0.6898635913707304,
  "balanced_accuracy": 0.7016680339075746,
  "n_test": 175
}