{
  "accuracy": 0.9941596365996106,
  "macro_f1": 0.9844583231428277,
  "balanced_accuracy": 0.9729323308270676,
  "n_test": 6164
}