{
  "accuracy": 0.9975665152498377,
  "macro_f1": 0.9936410983939956,
  "balanced_accuracy": 0.9907046667405011,
  "n_test": 6164
}