{
  "accuracy": 0.9970798182998053,
  "macro_f1": 0.9923642309725158,
  "balanced_accuracy": 0.9891099817191642,
  "n_test": 6164
}