{
  "accuracy": 0.9894644424934153,
  "macro_f1": 0.989463459759482,
  "balanced_accuracy": 0.9894736842105263,
  "n_test": 1139
}