{
  "accuracy": 0.9601554907677357,
  "macro_f1": 0.9601554907677357,
  "balanced_accuracy": 0.9601636520241171,
  "n_test": 1029
}