{
  "accuracy": 0.78,
  "macro_f1": 0.7512437810945274,
  "balanced_accuracy": 0.7430555555555556,
  "n_test": 100
}