{
  "accuracy": 0.9462222222222222,
  "macro_f1": 0.6326044426502438,
  "balanced_accuracy": 0.5863258481089627,
  "n_test": 4500
}