{
  "accuracy": 0.7563897763578274,
  "macro_f1": 0.7445996804319052,
  "balanced_accuracy": 0.7441312022594518,
  "n_test": 1252
}