{
  "accuracy": 0.88,
  "macro_f1": 0.8681318681318682,
  "balanced_accuracy": 0.8637152777777778,
  "n_test": 100
}