{
  "accuracy": 0.9543459174714662,
  "macro_f1": 0.9543456007498581,
  "balanced_accuracy": 0.9543443406407055,
  "n_test": 1139
}