{
  "accuracy": 0.7547923322683706,
  "macro_f1": 0.7403786207031644,
  "balanced_accuracy": 0.7408883753771103,
  "n_test": 1252
}