{
  "accuracy": 0.3028571428571429,
  "macro_f1": 0.16597883597883598,
  "balanced_accuracy": 0.3333333333333333,
  "n_test": 175
}