{
  "accuracy": 0.9809523809523809,
  "macro_f1": 0.9818681318681319,
  "balanced_accuracy": 0.9863945578231293,
  "n_test": 105
}