{
  "accuracy": 0.9711111111111111,
  "macro_f1": 0.9710957530097127,
  "balanced_accuracy": 0.9711846946284033,
  "n_test": 900
}