{
  "accuracy": 0.9630709426627794,
  "macro_f1": 0.9630681174203786,
  "balanced_accuracy": 0.9630536289043021,
  "n_test": 1029
}