{
  "accuracy": 0.8700614574187884,
  "macro_f1": 0.8699771689497717,
  "balanced_accuracy": 0.8700844818549008,
  "n_test": 1139
}