{
  "accuracy": 0.6769095697980685,
  "macro_f1": 0.673811673151751,
  "balanced_accuracy": 0.676824530570715,
  "n_test": 1139
}