{
  "accuracy": 0.5391373801916933,
  "macro_f1": 0.3502854177477945,
  "balanced_accuracy": 0.5,
  "n_test": 1252
}