{
  "accuracy": 0.9388888888888889,
  "macro_f1": 0.5330039518494127,
  "balanced_accuracy": 0.5035316634378492,
  "n_test": 4500
}