{
  "accuracy": 0.9975665152498377,
  "macro_f1": 0.9936747789712875,
  "balanced_accuracy": 0.9933484830461314,
  "n_test": 6164
}