{
  "accuracy": 0.3942857142857143,
  "macro_f1": 0.4006238625106549,
  "balanced_accuracy": 0.39604411630662656,
  "n_test": 175
}