{
  "accuracy": 0.7,
  "macro_f1": 0.6782496782496783,
  "balanced_accuracy": 0.7035917496443813,
  "n_test": 150
}