{
  "accuracy": 0.9965931213497728,
  "macro_f1": 0.9910257100885054,
  "balanced_accuracy": 0.9842105263157894,
  "n_test": 6164
}