{
  "accuracy": 0.908485856905158,
  "macro_f1": 0.9082256779305731,
  "balanced_accuracy": 0.9193448143376952,
  "n_test": 601
}