{
  "accuracy": 0.9308888888888889,
  "macro_f1": 0.39666223623846864,
  "balanced_accuracy": 0.40414367489998637,
  "n_test": 4500
}