{
  "accuracy": 0.9237777777777778,
  "macro_f1": 0.38114820375803293,
  "balanced_accuracy": 0.3955553562749949,
  "n_test": 4500
}