{
  "accuracy": 0.994646333549643,
  "macro_f1": 0.9859917493929944,
  "balanced_accuracy": 0.9824584647652956,
  "n_test": 6164
}