{
  "accuracy": 0.9475218658892128,
  "macro_f1": 0.9475,
  "balanced_accuracy": 0.9475894192846457,
  "n_test": 1029
}