{
  "accuracy": 0.9133333333333333,
  "macro_f1": 0.9126774439120505,
  "balanced_accuracy": 0.9123399715504978,
  "n_test": 150
}