{
  "accuracy": 0.77,
  "macro_f1": 0.7287415968864253,
  "balanced_accuracy": 0.7170138888888888,
  "n_test": 100
}