{
  "accuracy": 0.6785714285714286,
  "macro_f1": 0.6679841897233202,
  "balanced_accuracy": 0.6948717948717948,
  "n_test": 28
}