{
  "accuracy": 0.9275555555555556,
  "macro_f1": 0.4865934821093877,
  "balanced_accuracy": 0.4599472496264146,
  "n_test": 4500
}