{
  "accuracy": 0.9285714285714286,
  "macro_f1": 0.9282051282051282,
  "balanced_accuracy": 0.9282051282051282,
  "n_test": 28
}