{
  "accuracy": 0.9904761904761905,
  "macro_f1": 0.9867669172932331,
  "balanced_accuracy": 0.9857142857142858,
  "n_test": 105
}