{
  "accuracy": 0.8733333333333333,
  "macro_f1": 0.8715840732608315,
  "balanced_accuracy": 0.8733321480954709,
  "n_test": 900
}