{
  "accuracy": 0.81,
  "macro_f1": 0.7798632835129184,
  "balanced_accuracy": 0.7664930555555556,
  "n_test": 100
}