{
  "accuracy": 0.8785357737104825,
  "macro_f1": 0.8784873302553337,
  "balanced_accuracy": 0.8935860058309038,
  "n_test": 601
}