{
  "accuracy": 0.9257188498402555,
  "macro_f1": 0.9246224031415748,
  "balanced_accuracy": 0.9219269529494832,
  "n_test": 1252
}