{
  "accuracy": 0.28,
  "macro_f1": 0.27187666135034555,
  "balanced_accuracy": 0.29650897821529487,
  "n_test": 175
}