{
  "accuracy": 0.87,
  "macro_f1": 0.8518518518518519,
  "balanced_accuracy": 0.8376736111111112,
  "n_test": 100
}