{
  "accuracy": 0.9577777777777777,
  "macro_f1": 0.9576766312411843,
  "balanced_accuracy": 0.9577400970907348,
  "n_test": 900
}