{
  "accuracy": 0.8067092651757188,
  "macro_f1": 0.7928354192193243,
  "balanced_accuracy": 0.7913011104692214,
  "n_test": 1252
}