{
  "accuracy": 0.8801996672212978,
  "macro_f1": 0.8791878852854462,
  "balanced_accuracy": 0.8849583022577802,
  "n_test": 601
}