{
  "accuracy": 0.4995610184372256,
  "macro_f1": 0.3331381733021077,
  "balanced_accuracy": 0.5,
  "n_test": 1139
}