{
  "accuracy": 0.9523809523809523,
  "macro_f1": 0.9523793333049995,
  "balanced_accuracy": 0.9524060474182874,
  "n_test": 1029
}