{
  "accuracy": 0.78369384359401,
  "macro_f1": 0.7829577527390715,
  "balanced_accuracy": 0.8080943340791467,
  "n_test": 601
}