{
  "accuracy": 0.7066666666666667,
  "macro_f1": 0.700218023255814,
  "balanced_accuracy": 0.7087482219061167,
  "n_test": 150
}