{
  "accuracy": 0.9311111111111111,
  "macro_f1": 0.5433764288350259,
  "balanced_accuracy": 0.514905323564471,
  "n_test": 4500
}