{
  "accuracy": 0.9355555555555556,
  "macro_f1": 0.9356699340013604,
  "balanced_accuracy": 0.9356945740798356,
  "n_test": 900
}