{
  "accuracy": 0.930116472545757,
  "macro_f1": 0.9297568957456755,
  "balanced_accuracy": 0.9387755102040816,
  "n_test": 601
}