{
  "accuracy": 0.9262222222222222,
  "macro_f1": 0.4616209449748837,
  "balanced_accuracy": 0.4413971134132065,
  "n_test": 4500
}