{
  "accuracy": 0.8169717138103162,
  "macro_f1": 0.8167886043675867,
  "balanced_accuracy": 0.8382093701267883,
  "n_test": 601
}