{
  "accuracy": 0.6742857142857143,
  "macro_f1": 0.6561717145257216,
  "balanced_accuracy": 0.6663020690912406,
  "n_test": 175
}