{
  "accuracy": 0.9477777777777778,
  "macro_f1": 0.9475935859775717,
  "balanced_accuracy": 0.9477620733761006,
  "n_test": 900
}