{
  "accuracy": 0.9065495207667732,
  "macro_f1": 0.9058091555784753,
  "balanced_accuracy": 0.9051556582579112,
  "n_test": 1252
}