{
  "accuracy": 0.7828571428571428,
  "macro_f1": 0.7833474921914955,
  "balanced_accuracy": 0.798924437152493,
  "n_test": 175
}