{
  "accuracy": 0.8935108153078203,
  "macro_f1": 0.8933806408692759,
  "balanced_accuracy": 0.9067055393586005,
  "n_test": 601
}