{
  "accuracy": 0.9991220368744512,
  "macro_f1": 0.9991220341674394,
  "balanced_accuracy": 0.9991212653778558,
  "n_test": 1139
}