{
  "accuracy": 0.9193391642371235,
  "macro_f1": 0.9191632664071395,
  "balanced_accuracy": 0.9194829774695136,
  "n_test": 1029
}