{
  "accuracy": 0.7576821773485514,
  "macro_f1": 0.7489009163290605,
  "balanced_accuracy": 0.757846946011778,
  "n_test": 1139
}