{
  "accuracy": 0.9736611062335382,
  "macro_f1": 0.973655237496068,
  "balanced_accuracy": 0.9736749606881879,
  "n_test": 1139
}