{
  "accuracy": 0.82,
  "macro_f1": 0.7994652406417113,
  "balanced_accuracy": 0.7925347222222222,
  "n_test": 100
}