{
  "accuracy": 0.9809523809523809,
  "macro_f1": 0.9815476190476191,
  "balanced_accuracy": 0.9815476190476191,
  "n_test": 105
}