{
  "accuracy": 0.8153078202995009,
  "macro_f1": 0.8150600054890675,
  "balanced_accuracy": 0.8372319027278685,
  "n_test": 601
}