{
  "accuracy": 0.8186900958466453,
  "macro_f1": 0.8075675924552933,
  "balanced_accuracy": 0.8048026189100712,
  "n_test": 1252
}