{
  "accuracy": 0.966958211856171,
  "macro_f1": 0.9669529372647996,
  "balanced_accuracy": 0.9670032639738881,
  "n_test": 1029
}