{
  "accuracy": 0.9711111111111111,
  "macro_f1": 0.9711446638275908,
  "balanced_accuracy": 0.971111111111111,
  "n_test": 900
}