{
  "accuracy": 0.9384444444444444,
  "macro_f1": 0.5847630702553606,
  "balanced_accuracy": 0.5484821600671522,
  "n_test": 4500
}