{
  "accuracy": 0.73,
  "macro_f1": 0.6970037032880709,
  "balanced_accuracy": 0.6918402777777778,
  "n_test": 100
}