{
  "accuracy": 0.88,
  "macro_f1": 0.8663101604278074,
  "balanced_accuracy": 0.8576388888888888,
  "n_test": 100
}