{
  "accuracy": 0.78,
  "macro_f1": 0.7612847222222222,
  "balanced_accuracy": 0.7612847222222222,
  "n_test": 100
}