{
  "accuracy": 0.9758273848150552,
  "macro_f1": 0.9303399020139884,
  "balanced_accuracy": 0.8886308788884376,
  "n_test": 6164
}