{
  "accuracy": 0.9811111111111112,
  "macro_f1": 0.9809883956424749,
  "balanced_accuracy": 0.9811184694628404,
  "n_test": 900
}