{
  "accuracy": 0.9939974042829332,
  "macro_f1": 0.9842517260106358,
  "balanced_accuracy": 0.9794509459683032,
  "n_test": 6164
}