{
  "accuracy": 0.8825878594249201,
  "macro_f1": 0.8823265386762216,
  "balanced_accuracy": 0.8843173502792221,
  "n_test": 1252
}