{
  "accuracy": 0.9144800777453839,
  "macro_f1": 0.9141979987871437,
  "balanced_accuracy": 0.9146550160932045,
  "n_test": 1029
}