{
  "accuracy": 0.9803698896820247,
  "macro_f1": 0.9445991725128868,
  "balanced_accuracy": 0.909683510467385,
  "n_test": 6164
}