{
  "accuracy": 0.76,
  "macro_f1": 0.7194950911640954,
  "balanced_accuracy": 0.7092013888888888,
  "n_test": 100
}