{
  "accuracy": 0.9484936831875608,
  "macro_f1": 0.9484438234590671,
  "balanced_accuracy": 0.9484110793780316,
  "n_test": 1029
}