{
  "accuracy": 0.6857142857142857,
  "macro_f1": 0.6733487514771275,
  "balanced_accuracy": 0.6817974660468508,
  "n_test": 175
}