{
  "accuracy": 0.8801916932907349,
  "macro_f1": 0.8782527519545684,
  "balanced_accuracy": 0.8756787983824379,
  "n_test": 1252
}