{
  "accuracy": 0.6457142857142857,
  "macro_f1": 0.6390316479163439,
  "balanced_accuracy": 0.6523562118311913,
  "n_test": 175
}