{
  "accuracy": 0.7466666666666667,
  "macro_f1": 0.7329460269865067,
  "balanced_accuracy": 0.7498221906116643,
  "n_test": 150
}