{
  "accuracy": 0.72,
  "macro_f1": 0.7068051498431246,
  "balanced_accuracy": 0.7122413635949321,
  "n_test": 175
}