{
  "accuracy": 0.9543459174714662,
  "macro_f1": 0.9543416589577551,
  "balanced_accuracy": 0.9543381740819535,
  "n_test": 1139
}