{
  "accuracy": 0.9105431309904153,
  "macro_f1": 0.9092753623188405,
  "balanced_accuracy": 0.9068463957892035,
  "n_test": 1252
}