{
  "accuracy": 0.9863724853990915,
  "macro_f1": 0.9629760564540487,
  "balanced_accuracy": 0.9427906919508263,
  "n_test": 6164
}