{
  "accuracy": 0.7920133111480865,
  "macro_f1": 0.7914219952967569,
  "balanced_accuracy": 0.8158632223653581,
  "n_test": 601
}