{
  "accuracy": 0.7542857142857143,
  "macro_f1": 0.7515326615158081,
  "balanced_accuracy": 0.7528939932549448,
  "n_test": 175
}