{
  "accuracy": 0.5311676909569798,
  "macro_f1": 0.5198326986111901,
  "balanced_accuracy": 0.531302993864274,
  "n_test": 1139
}