{
  "accuracy": 0.7920133111480865,
  "macro_f1": 0.7917342404156167,
  "balanced_accuracy": 0.8134619296223473,
  "n_test": 601
}