{
  "accuracy": 0.8493683187560739,
  "macro_f1": 0.8466094824278201,
  "balanced_accuracy": 0.8497665352010517,
  "n_test": 1029
}