{
  "accuracy": 0.9353333333333333,
  "macro_f1": 0.5518871415113237,
  "balanced_accuracy": 0.5319682193266728,
  "n_test": 4500
}