{
  "accuracy": 0.8562300319488818,
  "macro_f1": 0.8518195112200562,
  "balanced_accuracy": 0.8479209191860838,
  "n_test": 1252
}