{
  "accuracy": 0.8937699680511182,
  "macro_f1": 0.892897503433061,
  "balanced_accuracy": 0.8921715129340779,
  "n_test": 1252
}