{
  "accuracy": 0.9384444444444444,
  "macro_f1": 0.5813168407879827,
  "balanced_accuracy": 0.5474321275888803,
  "n_test": 4500
}