{
  "accuracy": 0.8296751536435469,
  "macro_f1": 0.8296277448803355,
  "balanced_accuracy": 0.8296904387506552,
  "n_test": 1139
}