{
  "accuracy": 0.956268221574344,
  "macro_f1": 0.956267560739499,
  "balanced_accuracy": 0.9562876830318691,
  "n_test": 1029
}