{
  "accuracy": 0.9977777777777778,
  "macro_f1": 0.997785136129507,
  "balanced_accuracy": 0.997785136129507,
  "n_test": 900
}