{
  "accuracy": 0.4512779552715655,
  "macro_f1": 0.37750797362461763,
  "balanced_accuracy": 0.48117209063482896,
  "n_test": 1252
}