{
  "accuracy": 0.8435940099833611,
  "macro_f1": 0.8435589277802393,
  "balanced_accuracy": 0.8629737609329446,
  "n_test": 601
}