{
  "accuracy": 0.83,
  "macro_f1": 0.8030355694589271,
  "balanced_accuracy": 0.7881944444444444,
  "n_test": 100
}