{
  "accuracy": 0.9382222222222222,
  "macro_f1": 0.5697921468815618,
  "balanced_accuracy": 0.5246954297074871,
  "n_test": 4500
}