{
  "accuracy": 0.9118136439267887,
  "macro_f1": 0.9115629260058249,
  "balanced_accuracy": 0.9227405247813412,
  "n_test": 601
}