{
  "accuracy": 0.7770382695507487,
  "macro_f1": 0.7756663101127601,
  "balanced_accuracy": 0.8041844644834678,
  "n_test": 601
}