{
  "accuracy": 0.924,
  "macro_f1": 0.5222575542291663,
  "balanced_accuracy": 0.4869879091450451,
  "n_test": 4500
}