{
  "accuracy": 0.7138103161397671,
  "macro_f1": 0.7136319312087229,
  "balanced_accuracy": 0.7319818292765612,
  "n_test": 601
}