{
  "accuracy": 0.9980532121998702,
  "macro_f1": 0.9949297577322429,
  "balanced_accuracy": 0.993621259914653,
  "n_test": 6164
}