{
  "accuracy": 0.9351111111111111,
  "macro_f1": 0.5163400285937542,
  "balanced_accuracy": 0.48052841689917497,
  "n_test": 4500
}