{
  "accuracy": 0.4857142857142857,
  "macro_f1": 0.49025860100010593,
  "balanced_accuracy": 0.4908394859174187,
  "n_test": 175
}