{
  "accuracy": 0.9397777777777778,
  "macro_f1": 0.6079101605422939,
  "balanced_accuracy": 0.5665209132775956,
  "n_test": 4500
}