{
  "accuracy": 0.9397473275024295,
  "macro_f1": 0.9396994328922494,
  "balanced_accuracy": 0.9398374813001495,
  "n_test": 1029
}