{
  "accuracy": 0.7657142857142857,
  "macro_f1": 0.758876357560568,
  "balanced_accuracy": 0.7610974387020327,
  "n_test": 175
}