{
  "accuracy": 0.8535773710482529,
  "macro_f1": 0.853573722563069,
  "balanced_accuracy": 0.8702793409722693,
  "n_test": 601
}