{
  "accuracy": 0.9620991253644315,
  "macro_f1": 0.9620955455583566,
  "balanced_accuracy": 0.9621356362482434,
  "n_test": 1029
}