{
  "accuracy": 0.49714285714285716,
  "macro_f1": 0.4964099322506402,
  "balanced_accuracy": 0.4990429313645064,
  "n_test": 175
}