{
  "accuracy": 0.8612818261633012,
  "macro_f1": 0.8612346554808463,
  "balanced_accuracy": 0.8612986772731477,
  "n_test": 1139
}