{
  "accuracy": 0.9364444444444444,
  "macro_f1": 0.5356966641232235,
  "balanced_accuracy": 0.5045297334489407,
  "n_test": 4500
}