{
  "accuracy": 0.7066666666666667,
  "macro_f1": 0.681712962962963,
  "balanced_accuracy": 0.7105263157894737,
  "n_test": 150
}