{
  "accuracy": 0.8236272878535774,
  "macro_f1": 0.8234860575431131,
  "balanced_accuracy": 0.8445205324654779,
  "n_test": 601
}