{
  "accuracy": 0.9450915141430949,
  "macro_f1": 0.9446773613168311,
  "balanced_accuracy": 0.9518950437317784,
  "n_test": 601
}