{
  "accuracy": 0.8533333333333334,
  "macro_f1": 0.8526820284804498,
  "balanced_accuracy": 0.8537083129620576,
  "n_test": 900
}