{
  "accuracy": 0.9417777777777778,
  "macro_f1": 0.6173654277120917,
  "balanced_accuracy": 0.5743251794781932,
  "n_test": 4500
}