{
  "accuracy": 0.9601554907677357,
  "macro_f1": 0.9601553402459491,
  "balanced_accuracy": 0.9601693186454509,
  "n_test": 1029
}