{
  "accuracy": 0.891846921797005,
  "macro_f1": 0.8916116609371922,
  "balanced_accuracy": 0.90332677921667,
  "n_test": 601
}