{
  "accuracy": 0.8857142857142857,
  "macro_f1": 0.8864513274336283,
  "balanced_accuracy": 0.8960896910035547,
  "n_test": 175
}