{
  "accuracy": 0.6588888888888889,
  "macro_f1": 0.6340781562820803,
  "balanced_accuracy": 0.6580164056674124,
  "n_test": 900
}