{
  "accuracy": 0.7942857142857143,
  "macro_f1": 0.7907853528242151,
  "balanced_accuracy": 0.7925439795825359,
  "n_test": 175
}