{
  "accuracy": 0.9488888888888889,
  "macro_f1": 0.9490536324031554,
  "balanced_accuracy": 0.9490434142752022,
  "n_test": 900
}