{
  "accuracy": 0.6514285714285715,
  "macro_f1": 0.6306711385948364,
  "balanced_accuracy": 0.6309361042749067,
  "n_test": 175
}