{
  "accuracy": 0.9428888888888889,
  "macro_f1": 0.6107709486000331,
  "balanced_accuracy": 0.5554144547222559,
  "n_test": 4500
}