{
  "accuracy": 0.8362619808306709,
  "macro_f1": 0.8279619191636856,
  "balanced_accuracy": 0.824118364464985,
  "n_test": 1252
}