{
  "accuracy": 0.6666666666666666,
  "macro_f1": 0.643806990881459,
  "balanced_accuracy": 0.6634068278805121,
  "n_test": 150
}