{
  "accuracy": 0.9944841012329656,
  "macro_f1": 0.9854407848649075,
  "balanced_accuracy": 0.9777408606076019,
  "n_test": 6164
}