{
  "accuracy": 0.9266666666666666,
  "macro_f1": 0.9261116833101966,
  "balanced_accuracy": 0.9256756756756757,
  "n_test": 150
}