{
  "accuracy": 0.9630709426627794,
  "macro_f1": 0.9630709077858789,
  "balanced_accuracy": 0.9630762953896369,
  "n_test": 1029
}