{
  "accuracy": 0.9271137026239067,
  "macro_f1": 0.9269677541460645,
  "balanced_accuracy": 0.9272519153180108,
  "n_test": 1029
}