{
  "accuracy": 0.9409090909090909,
  "macro_f1": 0.9408600791748901,
  "balanced_accuracy": 0.9409457232873502,
  "n_test": 1320
}