{
  "accuracy": 0.97,
  "macro_f1": 0.969651717445929,
  "balanced_accuracy": 0.9700073583517291,
  "n_test": 900
}