{
  "accuracy": 0.9386666666666666,
  "macro_f1": 0.5297094869083152,
  "balanced_accuracy": 0.4981711384093452,
  "n_test": 4500
}