{
  "accuracy": 0.8458466453674122,
  "macro_f1": 0.8400167374765208,
  "balanced_accuracy": 0.8360267026124912,
  "n_test": 1252
}