{
  "accuracy": 0.9233226837060703,
  "macro_f1": 0.922351773753411,
  "balanced_accuracy": 0.920207972270364,
  "n_test": 1252
}