{
  "accuracy": 0.9978909798831928,
  "macro_f1": 0.9945035916448173,
  "balanced_accuracy": 0.9928693802154048,
  "n_test": 6164
}