{
  "accuracy": 0.9689018464528668,
  "macro_f1": 0.9688982922774672,
  "balanced_accuracy": 0.9689412484700122,
  "n_test": 1029
}