{
  "accuracy": 0.8585690515806988,
  "macro_f1": 0.8585690515806988,
  "balanced_accuracy": 0.8760932944606414,
  "n_test": 601
}