{
  "accuracy": 0.9417637271214643,
  "macro_f1": 0.9413578439982047,
  "balanced_accuracy": 0.9489795918367347,
  "n_test": 601
}