{
  "accuracy": 0.9990266060999351,
  "macro_f1": 0.997471584033734,
  "balanced_accuracy": 0.997471584033734,
  "n_test": 6164
}