{
  "accuracy": 0.9552964042759962,
  "macro_f1": 0.9552869028996349,
  "balanced_accuracy": 0.9552620245704702,
  "n_test": 1029
}