{
  "accuracy": 0.85,
  "macro_f1": 0.8382051558623664,
  "balanced_accuracy": 0.8402777777777778,
  "n_test": 100
}