{
  "accuracy": 0.9633333333333334,
  "macro_f1": 0.9631004000586735,
  "balanced_accuracy": 0.9633480500367918,
  "n_test": 900
}