{
  "accuracy": 0.7737104825291181,
  "macro_f1": 0.7725461386050447,
  "balanced_accuracy": 0.7998282369426175,
  "n_test": 601
}