{
  "accuracy": 0.9533333333333334,
  "macro_f1": 0.9534921977815379,
  "balanced_accuracy": 0.9532729849721715,
  "n_test": 900
}