{
  "accuracy": 0.9135082604470359,
  "macro_f1": 0.9134611841079503,
  "balanced_accuracy": 0.9134480257491273,
  "n_test": 1029
}