{
  "accuracy": 0.9135082604470359,
  "macro_f1": 0.9131931180846959,
  "balanced_accuracy": 0.9136916904664762,
  "n_test": 1029
}