{
  "accuracy": 0.9904761904761905,
  "macro_f1": 0.990801393728223,
  "balanced_accuracy": 0.9931972789115646,
  "n_test": 105
}