{
  "accuracy": 0.8346645367412141,
  "macro_f1": 0.8266627339324734,
  "balanced_accuracy": 0.8228885037550548,
  "n_test": 1252
}