{
  "accuracy": 0.752414398595259,
  "macro_f1": 0.7432667037541483,
  "balanced_accuracy": 0.7525807048376654,
  "n_test": 1139
}