{
  "accuracy": 0.9238095238095239,
  "macro_f1": 0.9299539170506913,
  "balanced_accuracy": 0.9434523809523808,
  "n_test": 105
}