{
  "accuracy": 0.9251700680272109,
  "macro_f1": 0.9250202275899595,
  "balanced_accuracy": 0.925308264200553,
  "n_test": 1029
}