{
  "accuracy": 0.9983776768332252,
  "macro_f1": 0.9957691847293102,
  "balanced_accuracy": 0.993803111160334,
  "n_test": 6164
}