{
  "accuracy": 0.7388888888888889,
  "macro_f1": 0.7061045425748113,
  "balanced_accuracy": 0.7403077667649426,
  "n_test": 900
}