{
  "accuracy": 0.6114285714285714,
  "macro_f1": 0.5924332249633454,
  "balanced_accuracy": 0.6175371433779965,
  "n_test": 175
}