{
  "accuracy": 0.9361022364217252,
  "macro_f1": 0.9354484451169998,
  "balanced_accuracy": 0.9339469799088517,
  "n_test": 1252
}