{
  "accuracy": 0.9970798182998053,
  "macro_f1": 0.9923335431120044,
  "balanced_accuracy": 0.9871271194899414,
  "n_test": 6164
}