{
  "accuracy": 0.870216306156406,
  "macro_f1": 0.8701986975013292,
  "balanced_accuracy": 0.8862973760932944,
  "n_test": 601
}