{
  "accuracy": 0.8726919339164237,
  "macro_f1": 0.8722861796135776,
  "balanced_accuracy": 0.8725350197198423,
  "n_test": 1029
}