{
  "accuracy": 0.78,
  "macro_f1": 0.7141372141372141,
  "balanced_accuracy": 0.7005208333333334,
  "n_test": 100
}