{
  "accuracy": 0.8435940099833611,
  "macro_f1": 0.8435727892964735,
  "balanced_accuracy": 0.8624935023843424,
  "n_test": 601
}