{
  "accuracy": 0.8873801916932907,
  "macro_f1": 0.8869745991847,
  "balanced_accuracy": 0.8881327427947878,
  "n_test": 1252
}