{
  "accuracy": 0.84,
  "macro_f1": 0.8190863862505653,
  "balanced_accuracy": 0.8081597222222222,
  "n_test": 100
}