{
  "accuracy": 0.9417777777777778,
  "macro_f1": 0.6206103905588898,
  "balanced_accuracy": 0.5824617473128743,
  "n_test": 4500
}