{
  "accuracy": 0.8130990415335463,
  "macro_f1": 0.8100742930491267,
  "balanced_accuracy": 0.8081725399576353,
  "n_test": 1252
}