{
  "accuracy": 0.9967553536664504,
  "macro_f1": 0.9915158121916843,
  "balanced_accuracy": 0.9882671763970756,
  "n_test": 6164
}