{
  "accuracy": 0.9233333333333333,
  "macro_f1": 0.3874069936199769,
  "balanced_accuracy": 0.3990998022813064,
  "n_test": 4500
}