{
  "accuracy": 0.7216856892010536,
  "macro_f1": 0.7080679654432186,
  "balanced_accuracy": 0.7218758671723244,
  "n_test": 1139
}