{
  "accuracy": 0.9249201277955271,
  "macro_f1": 0.9239136056603188,
  "balanced_accuracy": 0.9215636433660697,
  "n_test": 1252
}