{
  "accuracy": 0.9453333333333334,
  "macro_f1": 0.6225310905334152,
  "balanced_accuracy": 0.5774541364599272,
  "n_test": 4500
}