{
  "accuracy": 0.8905750798722045,
  "macro_f1": 0.8884451164983822,
  "balanced_accuracy": 0.8851826176262918,
  "n_test": 1252
}