{
  "accuracy": 0.9800454250486696,
  "macro_f1": 0.9436004407094288,
  "balanced_accuracy": 0.9081797510688888,
  "n_test": 6164
}