{
  "accuracy": 0.9978909798831928,
  "macro_f1": 0.9944962830404513,
  "balanced_accuracy": 0.9922084261389972,
  "n_test": 6164
}