{
  "accuracy": 0.9666666666666667,
  "macro_f1": 0.9666533279978657,
  "balanced_accuracy": 0.9665718349928876,
  "n_test": 150
}