{
  "accuracy": 0.9544444444444444,
  "macro_f1": 0.9543498893419992,
  "balanced_accuracy": 0.954606328182487,
  "n_test": 900
}