{
  "accuracy": 0.6933333333333334,
  "macro_f1": 0.674589700056593,
  "balanced_accuracy": 0.6966571834992887,
  "n_test": 150
}