{
  "accuracy": 0.9373333333333334,
  "macro_f1": 0.531468508902578,
  "balanced_accuracy": 0.5002026737070152,
  "n_test": 4500
}