{
  "accuracy": 0.8801916932907349,
  "macro_f1": 0.8781516421629056,
  "balanced_accuracy": 0.8754271776108864,
  "n_test": 1252
}