{
  "accuracy": 0.86,
  "macro_f1": 0.8585858585858586,
  "balanced_accuracy": 0.8588193456614509,
  "n_test": 150
}