{
  "accuracy": 0.8122222222222222,
  "macro_f1": 0.8101058535021806,
  "balanced_accuracy": 0.8125239146431199,
  "n_test": 900
}