{
  "accuracy": 0.9333333333333333,
  "macro_f1": 0.9332941306185454,
  "balanced_accuracy": 0.9335070629356166,
  "n_test": 1320
}