{
  "accuracy": 0.9912203687445127,
  "macro_f1": 0.9912198205420739,
  "balanced_accuracy": 0.9912280701754386,
  "n_test": 1139
}