{
  "accuracy": 0.8522364217252396,
  "macro_f1": 0.8484851458269962,
  "balanced_accuracy": 0.8450978881828102,
  "n_test": 1252
}