{
  "accuracy": 0.9544444444444444,
  "macro_f1": 0.9535884405925446,
  "balanced_accuracy": 0.9544444444444444,
  "n_test": 900
}