{
  "accuracy": 0.5542857142857143,
  "macro_f1": 0.47811575334359097,
  "balanced_accuracy": 0.5240178652811959,
  "n_test": 175
}