{
  "accuracy": 0.9744444444444444,
  "macro_f1": 0.9745189982078714,
  "balanced_accuracy": 0.9744368885530715,
  "n_test": 900
}