{
  "accuracy": 0.8452579034941764,
  "macro_f1": 0.8452579034941764,
  "balanced_accuracy": 0.8625104526860579,
  "n_test": 601
}