{
  "accuracy": 0.9857235561323816,
  "macro_f1": 0.9606605390464631,
  "balanced_accuracy": 0.934495540542573,
  "n_test": 6164
}