{
  "accuracy": 0.89,
  "macro_f1": 0.8765570643025473,
  "balanced_accuracy": 0.8654513888888888,
  "n_test": 100
}