{
  "accuracy": 0.6933333333333334,
  "macro_f1": 0.6767241379310345,
  "balanced_accuracy": 0.6964793741109531,
  "n_test": 150
}