{
  "accuracy": 0.95,
  "macro_f1": 0.9503393071805105,
  "balanced_accuracy": 0.9498505612595127,
  "n_test": 900
}