{
  "accuracy": 0.8801916932907349,
  "macro_f1": 0.877941302635376,
  "balanced_accuracy": 0.8749239360677835,
  "n_test": 1252
}