{
  "accuracy": 0.9696625567813109,
  "macro_f1": 0.9113666046515563,
  "balanced_accuracy": 0.8666689910810852,
  "n_test": 6164
}