{
  "accuracy": 0.9253333333333333,
  "macro_f1": 0.40171267275950084,
  "balanced_accuracy": 0.40507711488781767,
  "n_test": 4500
}