{
  "accuracy": 0.9422222222222222,
  "macro_f1": 0.9419186856028962,
  "balanced_accuracy": 0.9422883486179633,
  "n_test": 900
}