{
  "accuracy": 0.9860480207657365,
  "macro_f1": 0.961664005368879,
  "balanced_accuracy": 0.9366602540174769,
  "n_test": 6164
}