{
  "accuracy": 0.8685714285714285,
  "macro_f1": 0.8685595286468915,
  "balanced_accuracy": 0.874304985871844,
  "n_test": 175
}