{
  "accuracy": 0.9268888888888889,
  "macro_f1": 0.5342761385505085,
  "balanced_accuracy": 0.5098780952578207,
  "n_test": 4500
}