{
  "accuracy": 0.9213333333333333,
  "macro_f1": 0.4566823069834759,
  "balanced_accuracy": 0.4419260502672674,
  "n_test": 4500
}