{
  "accuracy": 0.76,
  "macro_f1": 0.7519636213311285,
  "balanced_accuracy": 0.7699652777777778,
  "n_test": 100
}