{
  "accuracy": 0.956268221574344,
  "macro_f1": 0.9562548357749568,
  "balanced_accuracy": 0.9562253501971985,
  "n_test": 1029
}