{
  "accuracy": 0.9125364431486881,
  "macro_f1": 0.9122279930244901,
  "balanced_accuracy": 0.9127170315970805,
  "n_test": 1029
}