{
  "accuracy": 0.9894644424934153,
  "macro_f1": 0.9894640445488687,
  "balanced_accuracy": 0.9894706009311504,
  "n_test": 1139
}