{
  "accuracy": 0.86,
  "macro_f1": 0.8461538461538463,
  "balanced_accuracy": 0.8420138888888888,
  "n_test": 100
}