{
  "accuracy": 0.9985399091499026,
  "macro_f1": 0.9961846590363974,
  "balanced_accuracy": 0.9932330827067669,
  "n_test": 6164
}