{
  "accuracy": 0.6628571428571428,
  "macro_f1": 0.6672844031714998,
  "balanced_accuracy": 0.6872664296782426,
  "n_test": 175
}