{
  "accuracy": 0.9543245869776482,
  "macro_f1": 0.9543106062538438,
  "balanced_accuracy": 0.9542816990797407,
  "n_test": 1029
}