{
  "accuracy": 0.6666666666666666,
  "macro_f1": 0.6637374461979914,
  "balanced_accuracy": 0.6680298719772404,
  "n_test": 150
}