{
  "accuracy": 0.9543245869776482,
  "macro_f1": 0.9543244144282831,
  "balanced_accuracy": 0.9543270320504103,
  "n_test": 1029
}