{
  "accuracy": 0.84,
  "macro_f1": 0.8400297157377333,
  "balanced_accuracy": 0.8472336158964543,
  "n_test": 175
}