{
  "accuracy": 0.40415335463258784,
  "macro_f1": 0.33939342499858544,
  "balanced_accuracy": 0.43130367802811476,
  "n_test": 1252
}