{
  "accuracy": 0.85,
  "macro_f1": 0.8340524394291404,
  "balanced_accuracy": 0.828125,
  "n_test": 100
}