{
  "accuracy": 0.9811111111111112,
  "macro_f1": 0.981041035379481,
  "balanced_accuracy": 0.9811331861662987,
  "n_test": 900
}