{
  "accuracy": 0.9442222222222222,
  "macro_f1": 0.5920076952822988,
  "balanced_accuracy": 0.5421914989127443,
  "n_test": 4500
}