{
  "accuracy": 0.44,
  "macro_f1": 0.3786600496277916,
  "balanced_accuracy": 0.45365053322395404,
  "n_test": 175
}