{
  "accuracy": 0.934,
  "macro_f1": 0.5490058326794245,
  "balanced_accuracy": 0.524752844681353,
  "n_test": 4500
}