{
  "accuracy": 0.9211111111111111,
  "macro_f1": 0.5385645578421449,
  "balanced_accuracy": 0.5255278920338837,
  "n_test": 4500
}