{
  "accuracy": 0.9085714285714286,
  "macro_f1": 0.9100254588626681,
  "balanced_accuracy": 0.9168717528028439,
  "n_test": 175
}