{
  "accuracy": 0.8458466453674122,
  "macro_f1": 0.8415143097946749,
  "balanced_accuracy": 0.8380396687849028,
  "n_test": 1252
}