{
  "accuracy": 0.56,
  "macro_f1": 0.5379059977600124,
  "balanced_accuracy": 0.5375991249658191,
  "n_test": 175
}