{
  "accuracy": 0.9237777777777778,
  "macro_f1": 0.5329582253835853,
  "balanced_accuracy": 0.5058293218021539,
  "n_test": 4500
}