{
  "accuracy": 0.9930240103828682,
  "macro_f1": 0.9813727632286995,
  "balanced_accuracy": 0.9683301270087384,
  "n_test": 6164
}