{
  "accuracy": 0.8352745424292846,
  "macro_f1": 0.8351851082394981,
  "balanced_accuracy": 0.8556851311953353,
  "n_test": 601
}