{
  "accuracy": 0.8342857142857143,
  "macro_f1": 0.8377295219400483,
  "balanced_accuracy": 0.8394859174186493,
  "n_test": 175
}