{
  "accuracy": 0.8202995008319468,
  "macro_f1": 0.8200359329252063,
  "balanced_accuracy": 0.8425655976676385,
  "n_test": 601
}