{
  "accuracy": 0.9964881474978051,
  "macro_f1": 0.9964881447907995,
  "balanced_accuracy": 0.9964881447907995,
  "n_test": 1139
}