{
  "accuracy": 0.75,
  "macro_f1": 0.6994831109508355,
  "balanced_accuracy": 0.6892361111111112,
  "n_test": 100
}