{
  "accuracy": 0.9311111111111111,
  "macro_f1": 0.5432341791153299,
  "balanced_accuracy": 0.5189504561414158,
  "n_test": 4500
}