{
  "accuracy": 0.996268656716418,
  "macro_f1": 0.9901577616967872,
  "balanced_accuracy": 0.9827067669172933,
  "n_test": 6164
}