{
  "accuracy": 0.9514091350826045,
  "macro_f1": 0.9513705103969754,
  "balanced_accuracy": 0.9514993880048959,
  "n_test": 1029
}