{
  "accuracy": 0.9727831431079894,
  "macro_f1": 0.9727830591906219,
  "balanced_accuracy": 0.9727854345882281,
  "n_test": 1139
}