{
  "accuracy": 0.9938542581211589,
  "macro_f1": 0.9938539549218082,
  "balanced_accuracy": 0.9938488576449912,
  "n_test": 1139
}