{
  "accuracy": 0.4857142857142857,
  "macro_f1": 0.4908556080769624,
  "balanced_accuracy": 0.5025066083310546,
  "n_test": 175
}