{
  "accuracy": 0.6044444444444445,
  "macro_f1": 0.5803788809193793,
  "balanced_accuracy": 0.6033706189410887,
  "n_test": 900
}