{
  "accuracy": 0.870216306156406,
  "macro_f1": 0.8694177029014574,
  "balanced_accuracy": 0.8766922051212511,
  "n_test": 601
}