{
  "accuracy": 0.8555555555555555,
  "macro_f1": 0.8557538381123514,
  "balanced_accuracy": 0.8557760097979662,
  "n_test": 900
}