{
  "accuracy": 0.9555555555555556,
  "macro_f1": 0.9551593188826518,
  "balanced_accuracy": 0.9555849889624723,
  "n_test": 900
}