{
  "accuracy": 0.995295262816353,
  "macro_f1": 0.9876069329793646,
  "balanced_accuracy": 0.9808393050274349,
  "n_test": 6164
}