{
  "accuracy": 0.9511111111111111,
  "macro_f1": 0.9511848382142588,
  "balanced_accuracy": 0.9510879495878829,
  "n_test": 900
}