{
  "accuracy": 0.9776119402985075,
  "macro_f1": 0.9359179732700764,
  "balanced_accuracy": 0.8962406015037594,
  "n_test": 6164
}