{
  "accuracy": 0.8585690515806988,
  "macro_f1": 0.8585627863837092,
  "balanced_accuracy": 0.8751327773634371,
  "n_test": 601
}