{
  "accuracy": 0.9404444444444444,
  "macro_f1": 0.5845905787764891,
  "balanced_accuracy": 0.5460827549754618,
  "n_test": 4500
}