{
  "accuracy": 0.6457142857142857,
  "macro_f1": 0.625179856115108,
  "balanced_accuracy": 0.6319387476073285,
  "n_test": 175
}