{
  "accuracy": 0.8977635782747604,
  "macro_f1": 0.8962341362341362,
  "balanced_accuracy": 0.8937364400795944,
  "n_test": 1252
}