{
  "accuracy": 0.82,
  "macro_f1": 0.7931985294117647,
  "balanced_accuracy": 0.7803819444444444,
  "n_test": 100
}