{
  "accuracy": 0.7026239067055393,
  "macro_f1": 0.6947759631490787,
  "balanced_accuracy": 0.7030973752209981,
  "n_test": 1029
}