{
  "accuracy": 0.9377777777777778,
  "macro_f1": 0.9371877724007334,
  "balanced_accuracy": 0.9380794701986755,
  "n_test": 900
}