{
  "accuracy": 0.6171428571428571,
  "macro_f1": 0.6124537235648346,
  "balanced_accuracy": 0.6267432321575062,
  "n_test": 175
}