{
  "accuracy": 0.96,
  "macro_f1": 0.9600356675552684,
  "balanced_accuracy": 0.960103016924209,
  "n_test": 900
}