{
  "accuracy": 0.82,
  "macro_f1": 0.7896213183730716,
  "balanced_accuracy": 0.7743055555555556,
  "n_test": 100
}