{
  "accuracy": 0.5302897278314311,
  "macro_f1": 0.5215431786150337,
  "balanced_accuracy": 0.5304088428452503,
  "n_test": 1139
}