{
  "accuracy": 0.9051580698835274,
  "macro_f1": 0.9049517642064608,
  "balanced_accuracy": 0.9169096209912537,
  "n_test": 601
}