{
  "accuracy": 0.853035143769968,
  "macro_f1": 0.8470332005312085,
  "balanced_accuracy": 0.8426933692791578,
  "n_test": 1252
}