{
  "accuracy": 0.9431111111111111,
  "macro_f1": 0.6010019014990098,
  "balanced_accuracy": 0.5446405721126905,
  "n_test": 4500
}