{
  "accuracy": 0.9889682024659312,
  "macro_f1": 0.9699861628385571,
  "balanced_accuracy": 0.9488721804511278,
  "n_test": 6164
}