{
  "accuracy": 0.8742857142857143,
  "macro_f1": 0.8727824463118581,
  "balanced_accuracy": 0.8747607328411267,
  "n_test": 175
}