{
  "accuracy": 0.9888059701492538,
  "macro_f1": 0.9698616657857458,
  "balanced_accuracy": 0.9534079333631406,
  "n_test": 6164
}