{
  "accuracy": 0.9424444444444444,
  "macro_f1": 0.605536334235685,
  "balanced_accuracy": 0.552565434729962,
  "n_test": 4500
}