{
  "accuracy": 0.56,
  "macro_f1": 0.5542448144902132,
  "balanced_accuracy": 0.5638501503964998,
  "n_test": 175
}