{
  "accuracy": 0.9630709426627794,
  "macro_f1": 0.9630706287683032,
  "balanced_accuracy": 0.9630706287683032,
  "n_test": 1029
}