{
  "accuracy": 0.7266666666666667,
  "macro_f1": 0.7068497068497068,
  "balanced_accuracy": 0.7302631578947368,
  "n_test": 150
}