{
  "accuracy": 0.9622222222222222,
  "macro_f1": 0.9620127070030936,
  "balanced_accuracy": 0.9622663723325976,
  "n_test": 900
}