{
  "accuracy": 0.9933484750162233,
  "macro_f1": 0.9822876728794095,
  "balanced_accuracy": 0.9704948404836422,
  "n_test": 6164
}