{
  "accuracy": 0.9790720311486047,
  "macro_f1": 0.9404980436676635,
  "balanced_accuracy": 0.9030075187969925,
  "n_test": 6164
}