{
  "accuracy": 0.9407191448007775,
  "macro_f1": 0.9407110816409228,
  "balanced_accuracy": 0.9406931411215377,
  "n_test": 1029
}