{
  "accuracy": 0.9111111111111111,
  "macro_f1": 0.9109314975884986,
  "balanced_accuracy": 0.9113385286259637,
  "n_test": 900
}