{
  "accuracy": 0.84,
  "macro_f1": 0.8333333333333334,
  "balanced_accuracy": 0.8506944444444444,
  "n_test": 100
}