{
  "accuracy": 0.9612264763140818,
  "macro_f1": 0.8800314824564297,
  "balanced_accuracy": 0.8209617059561068,
  "n_test": 6164
}