{
  "accuracy": 0.9978909798831928,
  "macro_f1": 0.9944742218504903,
  "balanced_accuracy": 0.9902255639097745,
  "n_test": 6164
}