{
  "accuracy": 0.9883192731992213,
  "macro_f1": 0.9686597784389377,
  "balanced_accuracy": 0.9537961105710266,
  "n_test": 6164
}