{
  "accuracy": 0.9,
  "macro_f1": 0.8999045381480567,
  "balanced_accuracy": 0.9001301786252228,
  "n_test": 900
}