{
  "accuracy": 0.66,
  "macro_f1": 0.6587715776796468,
  "balanced_accuracy": 0.6609174964438123,
  "n_test": 150
}