{
  "accuracy": 0.8961661341853036,
  "macro_f1": 0.8949263012198775,
  "balanced_accuracy": 0.8931356312985429,
  "n_test": 1252
}