{
  "accuracy": 0.68,
  "macro_f1": 0.663547917803237,
  "balanced_accuracy": 0.6638410354571143,
  "n_test": 175
}