{
  "accuracy": 0.9393333333333334,
  "macro_f1": 0.5630420381143366,
  "balanced_accuracy": 0.53259252973259,
  "n_test": 4500
}