{
  "accuracy": 0.92,
  "macro_f1": 0.9196428571428572,
  "balanced_accuracy": 0.9210526315789473,
  "n_test": 150
}