{
  "accuracy": 0.9197777777777778,
  "macro_f1": 0.4429046854293809,
  "balanced_accuracy": 0.42715445009166614,
  "n_test": 4500
}