{
  "accuracy": 0.9712848799480857,
  "macro_f1": 0.915455742682092,
  "balanced_accuracy": 0.8675782473094903,
  "n_test": 6164
}