{
  "accuracy": 0.8668885191347754,
  "macro_f1": 0.8668793053802024,
  "balanced_accuracy": 0.8833819241982508,
  "n_test": 601
}