{
  "accuracy": 0.8971428571428571,
  "macro_f1": 0.898765290665852,
  "balanced_accuracy": 0.905751526752347,
  "n_test": 175
}