{
  "accuracy": 0.9951330304996755,
  "macro_f1": 0.9871013643592533,
  "balanced_accuracy": 0.9774436090225564,
  "n_test": 6164
}