{
  "accuracy": 0.9440894568690096,
  "macro_f1": 0.943605345523433,
  "balanced_accuracy": 0.9426124911740164,
  "n_test": 1252
}