{
  "accuracy": 0.8119800332778702,
  "macro_f1": 0.8117277533357175,
  "balanced_accuracy": 0.8338361922842226,
  "n_test": 601
}