{
  "accuracy": 0.92,
  "macro_f1": 0.45532758303171195,
  "balanced_accuracy": 0.4357481106361824,
  "n_test": 4500
}