{
  "accuracy": 0.8733333333333333,
  "macro_f1": 0.8723747257176122,
  "balanced_accuracy": 0.8723328591749644,
  "n_test": 150
}