{
  "accuracy": 0.88,
  "macro_f1": 0.8782467532467533,
  "balanced_accuracy": 0.8785561877667141,
  "n_test": 150
}