{
  "accuracy": 0.9622475856014048,
  "macro_f1": 0.9621961828001393,
  "balanced_accuracy": 0.962280701754386,
  "n_test": 1139
}