{
  "accuracy": 0.8977635782747604,
  "macro_f1": 0.8966836866264377,
  "balanced_accuracy": 0.8952461647089031,
  "n_test": 1252
}