{
  "accuracy": 0.81,
  "macro_f1": 0.7925537722458784,
  "balanced_accuracy": 0.7907986111111112,
  "n_test": 100
}