{
  "accuracy": 0.956268221574344,
  "macro_f1": 0.9562655781151271,
  "balanced_accuracy": 0.9562536833038668,
  "n_test": 1029
}