{
  "accuracy": 0.889776357827476,
  "macro_f1": 0.8893686992869437,
  "balanced_accuracy": 0.8904807754027858,
  "n_test": 1252
}