{
  "accuracy": 0.8402662229617305,
  "macro_f1": 0.840255166456243,
  "balanced_accuracy": 0.8586175333920943,
  "n_test": 601
}