{
  "accuracy": 0.9213333333333333,
  "macro_f1": 0.5261410832056221,
  "balanced_accuracy": 0.5060325098356357,
  "n_test": 4500
}