{
  "accuracy": 0.9239904988123515,
  "macro_f1": 0.9256404545316542,
  "balanced_accuracy": 0.9264992126479674,
  "n_test": 2947,
  "subject_count": 18,
  "n_train_windows": 6320
}