{
  "accuracy": 0.9385816084153377,
  "macro_f1": 0.9393576413741149,
  "balanced_accuracy": 0.9394930105282319,
  "n_test": 2947,
  "subject_count": 18,
  "n_train_windows": 6292
}