{
  "accuracy": 0.9144893111638955,
  "macro_f1": 0.9168274136058128,
  "balanced_accuracy": 0.9173806244415291,
  "n_test": 2947,
  "subject_count": 12,
  "n_train_windows": 4164
}