{
  "accuracy": 0.9090600610790635,
  "macro_f1": 0.9107650320183485,
  "balanced_accuracy": 0.9119606093485041,
  "n_test": 2947,
  "subject_count": 6,
  "n_train_windows": 2142
}