{
  "accuracy": 0.9426535459789617,
  "macro_f1": 0.9438442676871467,
  "balanced_accuracy": 0.943910742738976,
  "n_test": 2947,
  "subject_count": 21,
  "n_train_windows": 7352
}