{
  "accuracy": 0.9429928741092637,
  "macro_f1": 0.9436122916932214,
  "balanced_accuracy": 0.9439879193878946,
  "n_test": 2947,
  "subject_count": 21,
  "n_train_windows": 7352
}