{
  "accuracy": 0.9412962334577536,
  "macro_f1": 0.9419543416244193,
  "balanced_accuracy": 0.9423317086010788,
  "n_test": 2947,
  "subject_count": 18,
  "n_train_windows": 6292
}