{
  "accuracy": 0.7699355276552426,
  "macro_f1": 0.7672213039070511,
  "balanced_accuracy": 0.7718914109998499,
  "n_test": 2947,
  "subject_count": 3,
  "n_train_windows": 986
}