{
  "accuracy": 0.9375636240244316,
  "macro_f1": 0.938271301980933,
  "balanced_accuracy": 0.9382021255858585,
  "n_test": 2947,
  "subject_count": 15,
  "n_train_windows": 5138
}