{
  "accuracy": 0.9124533423820834,
  "macro_f1": 0.9150691853573757,
  "balanced_accuracy": 0.9143358464768072,
  "n_test": 2947,
  "subject_count": 9,
  "n_train_windows": 3049
}