{
  "accuracy": 0.8781812012215813,
  "macro_f1": 0.8835106217914284,
  "balanced_accuracy": 0.8789678772879714,
  "n_test": 2947,
  "subject_count": 6,
  "n_train_windows": 2130
}