{
  "accuracy": 0.9382422802850356,
  "macro_f1": 0.9399908101445801,
  "balanced_accuracy": 0.9404630902412632,
  "n_test": 2947,
  "subject_count": 12,
  "n_train_windows": 4249
}