{
  "accuracy": 0.9284017645062775,
  "macro_f1": 0.930214211487404,
  "balanced_accuracy": 0.930624753991027,
  "n_test": 2947,
  "subject_count": 15,
  "n_train_windows": 5334
}