{
  "accuracy": 0.9474041398031897,
  "macro_f1": 0.9485574473218342,
  "balanced_accuracy": 0.9483165728822178,
  "n_test": 2947,
  "subject_count": 15,
  "n_train_windows": 5138
}