{
  "accuracy": 0.9182219205972175,
  "macro_f1": 0.9207180643454568,
  "balanced_accuracy": 0.9205206378002693,
  "n_test": 2947,
  "subject_count": 12,
  "n_train_windows": 4249
}