{
  "accuracy": 0.9260264675941635,
  "macro_f1": 0.928257572587603,
  "balanced_accuracy": 0.9280360320226962,
  "n_test": 2947,
  "subject_count": 12,
  "n_train_windows": 4249
}