{
  "accuracy": 0.9151679674244995,
  "macro_f1": 0.9170405397706234,
  "balanced_accuracy": 0.9182188539825805,
  "n_test": 2947,
  "subject_count": 12,
  "n_train_windows": 4164
}