{
  "accuracy": 0.9117746861214795,
  "macro_f1": 0.9129127100702502,
  "balanced_accuracy": 0.9127146695548025,
  "n_test": 2947,
  "subject_count": 18,
  "n_train_windows": 6345
}