{
  "accuracy": 0.8873430607397353,
  "macro_f1": 0.8911111020264447,
  "balanced_accuracy": 0.8872822033882631,
  "n_test": 2947,
  "subject_count": 3,
  "n_train_windows": 1051
}