{
  "accuracy": 0.9457074991516796,
  "macro_f1": 0.946777120018392,
  "balanced_accuracy": 0.9466846776263053,
  "n_test": 2947,
  "subject_count": 18,
  "n_train_windows": 6320
}