{
  "accuracy": 0.9409569053274517,
  "macro_f1": 0.9414804497415105,
  "balanced_accuracy": 0.9420079213292104,
  "n_test": 2947,
  "subject_count": 21,
  "n_train_windows": 7352
}