{
  "accuracy": 0.8676620291822192,
  "macro_f1": 0.8698531902156549,
  "balanced_accuracy": 0.8676255116964583,
  "n_test": 2947,
  "subject_count": 6,
  "n_train_windows": 2142
}