{
  "accuracy": 0.9009161859518154,
  "macro_f1": 0.9011172608167574,
  "balanced_accuracy": 0.9029467316401343,
  "n_test": 2947,
  "subject_count": 9,
  "n_train_windows": 3085
}