{
  "accuracy": 0.9341703427214116,
  "macro_f1": 0.9340801119110312,
  "balanced_accuracy": 0.9357591810862224,
  "n_test": 2947,
  "subject_count": 15,
  "n_train_windows": 5236
}