{
  "accuracy": 0.9161859518154055,
  "macro_f1": 0.9190201584563121,
  "balanced_accuracy": 0.9179111439462355,
  "n_test": 2947,
  "subject_count": 15,
  "n_train_windows": 5334
}