{
  "accuracy": 0.9229725144214456,
  "macro_f1": 0.9240022830453468,
  "balanced_accuracy": 0.9243731867624011,
  "n_test": 2947,
  "subject_count": 18,
  "n_train_windows": 6292
}