{
  "accuracy": 0.9419748897183576,
  "macro_f1": 0.9423169449897956,
  "balanced_accuracy": 0.9426488028516044,
  "n_test": 2947,
  "subject_count": 12,
  "n_train_windows": 4181
}