{
  "accuracy": 0.9239904988123515,
  "macro_f1": 0.9251439720495905,
  "balanced_accuracy": 0.9247909521402784,
  "n_test": 2947,
  "subject_count": 15,
  "n_train_windows": 5236
}