{
  "accuracy": 0.8669833729216152,
  "macro_f1": 0.8623701810125001,
  "balanced_accuracy": 0.8611167877129823,
  "n_test": 2947,
  "subject_count": 6,
  "n_train_windows": 2119
}