{
  "accuracy": 0.8890397013912453,
  "macro_f1": 0.8902355524682749,
  "balanced_accuracy": 0.8904544623793306,
  "n_test": 2947,
  "subject_count": 3,
  "n_train_windows": 1051
}