{
  "accuracy": 0.9270444519850696,
  "macro_f1": 0.9288078655766641,
  "balanced_accuracy": 0.9295515351120378,
  "n_test": 2947,
  "subject_count": 15,
  "n_train_windows": 5334
}