{
  "accuracy": 0.9379029521547336,
  "macro_f1": 0.9377576933583907,
  "balanced_accuracy": 0.9384328585591958,
  "n_test": 2947,
  "subject_count": 21,
  "n_train_windows": 7352
}