{
  "accuracy": 0.8788598574821853,
  "macro_f1": 0.8840509614467255,
  "balanced_accuracy": 0.879694379636805,
  "n_test": 2947,
  "subject_count": 6,
  "n_train_windows": 2130
}