{
  "accuracy": 0.9155072955548015,
  "macro_f1": 0.9177581372890323,
  "balanced_accuracy": 0.9179023765719604,
  "n_test": 2947,
  "subject_count": 12,
  "n_train_windows": 4164
}