{
  "accuracy": 0.9351883271123176,
  "macro_f1": 0.9353301974203001,
  "balanced_accuracy": 0.9365942229948415,
  "n_test": 2947,
  "subject_count": 18,
  "n_train_windows": 6292
}