{
  "accuracy": 0.9331523583305056,
  "macro_f1": 0.9339163457568169,
  "balanced_accuracy": 0.9350097754866528,
  "n_test": 2947,
  "subject_count": 18,
  "n_train_windows": 6320
}