{
  "accuracy": 0.5013927576601671,
  "macro_f1": 0.4822801427448293,
  "balanced_accuracy": 0.5187223688641227,
  "n_test": 359,
  "subject_count": 9,
  "n_train_windows": 653
}