{
  "accuracy": 0.5097493036211699,
  "macro_f1": 0.48600440595369787,
  "balanced_accuracy": 0.5182335625291926,
  "n_test": 359,
  "subject_count": 7,
  "n_train_windows": 512
}