{
  "accuracy": 0.5153203342618384,
  "macro_f1": 0.4826990717407594,
  "balanced_accuracy": 0.5018422567645366,
  "n_test": 359,
  "subject_count": 4,
  "n_train_windows": 292
}