{
  "accuracy": 0.6128133704735376,
  "macro_f1": 0.5521352984114913,
  "balanced_accuracy": 0.5557619404525259,
  "n_test": 359,
  "subject_count": 5,
  "n_train_windows": 362
}