{
  "accuracy": 0.5766016713091922,
  "macro_f1": 0.5348754308893585,
  "balanced_accuracy": 0.5500407338612442,
  "n_test": 359,
  "subject_count": 8,
  "n_train_windows": 584
}