{
  "accuracy": 0.4818941504178273,
  "macro_f1": 0.44619948386410196,
  "balanced_accuracy": 0.45700785348844786,
  "n_test": 359,
  "subject_count": 4,
  "n_train_windows": 289
}