{
  "accuracy": 0.48467966573816157,
  "macro_f1": 0.44319884943238047,
  "balanced_accuracy": 0.47049945145066846,
  "n_test": 359,
  "subject_count": 8,
  "n_train_windows": 583
}