{
  "accuracy": 0.479108635097493,
  "macro_f1": 0.461016689634053,
  "balanced_accuracy": 0.49413432398083873,
  "n_test": 359,
  "subject_count": 8,
  "n_train_windows": 583
}