{
  "accuracy": 0.5236768802228412,
  "macro_f1": 0.43182568242544256,
  "balanced_accuracy": 0.43571164771184323,
  "n_test": 359,
  "subject_count": 3,
  "n_train_windows": 218
}