{
  "accuracy": 0.5738161559888579,
  "macro_f1": 0.45241284919765007,
  "balanced_accuracy": 0.498678050423089,
  "n_test": 359,
  "subject_count": 5,
  "n_train_windows": 363
}