{
  "accuracy": 0.5097493036211699,
  "macro_f1": 0.3702087062509772,
  "balanced_accuracy": 0.4152898621566135,
  "n_test": 359,
  "subject_count": 5,
  "n_train_windows": 363
}