{
  "accuracy": 0.5153203342618384,
  "macro_f1": 0.4738958016936423,
  "balanced_accuracy": 0.4914844505273677,
  "n_test": 359,
  "subject_count": 6,
  "n_train_windows": 436
}