{
  "accuracy": 0.6434540389972145,
  "macro_f1": 0.5880478834305527,
  "balanced_accuracy": 0.5923398616134954,
  "n_test": 359,
  "subject_count": 6,
  "n_train_windows": 438
}