{
  "accuracy": 0.4373259052924791,
  "macro_f1": 0.43509981776796497,
  "balanced_accuracy": 0.49445747928004263,
  "n_test": 359,
  "subject_count": 5,
  "n_train_windows": 362
}