{
  "accuracy": 0.5264623955431755,
  "macro_f1": 0.38355424323997056,
  "balanced_accuracy": 0.44975070876918566,
  "n_test": 359,
  "subject_count": 2,
  "n_train_windows": 147
}