{
  "accuracy": 0.5515320334261838,
  "macro_f1": 0.4942321610491848,
  "balanced_accuracy": 0.4991923833110654,
  "n_test": 359,
  "subject_count": 6,
  "n_train_windows": 437
}