{
  "accuracy": 0.5041782729805014,
  "macro_f1": 0.4815889506172444,
  "balanced_accuracy": 0.5072674639641107,
  "n_test": 359,
  "subject_count": 9,
  "n_train_windows": 653
}