{
  "accuracy": 0.5041782729805014,
  "macro_f1": 0.4858027079303675,
  "balanced_accuracy": 0.5220120354982023,
  "n_test": 359,
  "subject_count": 8,
  "n_train_windows": 583
}