{
  "accuracy": 0.520891364902507,
  "macro_f1": 0.4972710426238651,
  "balanced_accuracy": 0.5369065076416724,
  "n_test": 359,
  "subject_count": 5,
  "n_train_windows": 365
}