{
  "accuracy": 0.5348189415041783,
  "macro_f1": 0.41374158756588736,
  "balanced_accuracy": 0.4192252962709508,
  "n_test": 359,
  "subject_count": 2,
  "n_train_windows": 145
}