{
  "accuracy": 0.5264623955431755,
  "macro_f1": 0.37470390389411107,
  "balanced_accuracy": 0.3982951521273938,
  "n_test": 359,
  "subject_count": 3,
  "n_train_windows": 220
}