{
  "accuracy": 0.6128133704735376,
  "macro_f1": 0.5578650385923113,
  "balanced_accuracy": 0.5611529312086551,
  "n_test": 359,
  "subject_count": 5,
  "n_train_windows": 362
}