{
  "accuracy": 0.4958217270194986,
  "macro_f1": 0.4665441411086011,
  "balanced_accuracy": 0.49229749839780146,
  "n_test": 359,
  "subject_count": 6,
  "n_train_windows": 437
}