{
  "accuracy": 0.6183844011142061,
  "macro_f1": 0.5788684525629696,
  "balanced_accuracy": 0.5765166574336581,
  "n_test": 359,
  "subject_count": 5,
  "n_train_windows": 362
}