{
  "accuracy": 0.5766016713091922,
  "macro_f1": 0.5172200691840703,
  "balanced_accuracy": 0.5187098771466746,
  "n_test": 359,
  "subject_count": 7,
  "n_train_windows": 509
}