{
  "accuracy": 0.5125348189415042,
  "macro_f1": 0.5060589356354829,
  "balanced_accuracy": 0.5361227881513344,
  "n_test": 359,
  "subject_count": 7,
  "n_train_windows": 511
}