{
  "accuracy": 0.532033426183844,
  "macro_f1": 0.48599651021796353,
  "balanced_accuracy": 0.5136116270733536,
  "n_test": 359,
  "subject_count": 8,
  "n_train_windows": 583
}