{
  "accuracy": 0.4623955431754875,
  "macro_f1": 0.38322418282166765,
  "balanced_accuracy": 0.40889953400462736,
  "n_test": 359,
  "subject_count": 4,
  "n_train_windows": 289
}