{
  "accuracy": 0.4818941504178273,
  "macro_f1": 0.47174848317705464,
  "balanced_accuracy": 0.5096126481354754,
  "n_test": 359,
  "subject_count": 8,
  "n_train_windows": 583
}