{
  "accuracy": 0.6183844011142061,
  "macro_f1": 0.48291742155026207,
  "balanced_accuracy": 0.5149715949207591,
  "n_test": 359,
  "subject_count": 9,
  "n_train_windows": 653
}