{
  "accuracy": 0.4763231197771588,
  "macro_f1": 0.46580292117031735,
  "balanced_accuracy": 0.4953872975527096,
  "n_test": 359,
  "subject_count": 5,
  "n_train_windows": 366
}