{
  "accuracy": 0.5125348189415042,
  "macro_f1": 0.49653034608332963,
  "balanced_accuracy": 0.536691975972453,
  "n_test": 359,
  "subject_count": 10,
  "n_train_windows": 728
}