{
  "accuracy": 0.584958217270195,
  "macro_f1": 0.5219831455211319,
  "balanced_accuracy": 0.5292822150530626,
  "n_test": 359,
  "subject_count": 3,
  "n_train_windows": 220
}