{
  "accuracy": 0.5069637883008357,
  "macro_f1": 0.46763788831713354,
  "balanced_accuracy": 0.49339079523359514,
  "n_test": 359,
  "subject_count": 9,
  "n_train_windows": 655
}