{
  "accuracy": 0.4763231197771588,
  "macro_f1": 0.46658857064761117,
  "balanced_accuracy": 0.5665542412096327,
  "n_test": 359,
  "subject_count": 8,
  "n_train_windows": 582
}