{
  "accuracy": 0.5125348189415042,
  "macro_f1": 0.3963783772347806,
  "balanced_accuracy": 0.42892647266486356,
  "n_test": 359,
  "subject_count": 6,
  "n_train_windows": 437
}