{
  "accuracy": 0.5626740947075209,
  "macro_f1": 0.452433918681261,
  "balanced_accuracy": 0.4941804890235822,
  "n_test": 359,
  "subject_count": 2,
  "n_train_windows": 144
}