{
  "accuracy": 0.5153203342618384,
  "macro_f1": 0.4207639066791013,
  "balanced_accuracy": 0.4310994883827027,
  "n_test": 359,
  "subject_count": 3,
  "n_train_windows": 218
}