{
  "accuracy": 0.5403899721448467,
  "macro_f1": 0.4909045663804901,
  "balanced_accuracy": 0.5107119192709182,
  "n_test": 359,
  "subject_count": 3,
  "n_train_windows": 216
}