{
  "accuracy": 0.5264623955431755,
  "macro_f1": 0.45282420683030966,
  "balanced_accuracy": 0.47811233855813,
  "n_test": 359,
  "subject_count": 3,
  "n_train_windows": 219
}