{
  "accuracy": 0.5459610027855153,
  "macro_f1": 0.5180843517620907,
  "balanced_accuracy": 0.5660567449843039,
  "n_test": 359,
  "subject_count": 3,
  "n_train_windows": 216
}