{
  "accuracy": 0.5292479108635098,
  "macro_f1": 0.49637911974987725,
  "balanced_accuracy": 0.5188380530300561,
  "n_test": 359,
  "subject_count": 7,
  "n_train_windows": 512
}