{
  "accuracy": 0.5626740947075209,
  "macro_f1": 0.49746085566505754,
  "balanced_accuracy": 0.5045491576237495,
  "n_test": 359,
  "subject_count": 3,
  "n_train_windows": 220
}