{
  "accuracy": 0.5821727019498607,
  "macro_f1": 0.501342663854908,
  "balanced_accuracy": 0.4898398887694029,
  "n_test": 359,
  "subject_count": 2,
  "n_train_windows": 145
}