{
  "accuracy": 0.532033426183844,
  "macro_f1": 0.5152777318525339,
  "balanced_accuracy": 0.5422632819543564,
  "n_test": 359,
  "subject_count": 6,
  "n_train_windows": 437
}