{
  "accuracy": 0.5153203342618384,
  "macro_f1": 0.47556489814697445,
  "balanced_accuracy": 0.485825159405177,
  "n_test": 359,
  "subject_count": 4,
  "n_train_windows": 293
}