{
  "accuracy": 0.520891364902507,
  "macro_f1": 0.49952741991315963,
  "balanced_accuracy": 0.5492401777082586,
  "n_test": 359,
  "subject_count": 10,
  "n_train_windows": 728
}