{
  "accuracy": 0.5626740947075209,
  "macro_f1": 0.46949594058419947,
  "balanced_accuracy": 0.47504915219256794,
  "n_test": 359,
  "subject_count": 5,
  "n_train_windows": 363
}