{
  "accuracy": 0.520891364902507,
  "macro_f1": 0.4934174214263773,
  "balanced_accuracy": 0.5164917826223917,
  "n_test": 359,
  "subject_count": 10,
  "n_train_windows": 728
}