{
  "accuracy": 0.5459610027855153,
  "macro_f1": 0.5210515431310293,
  "balanced_accuracy": 0.5525955616384789,
  "n_test": 359,
  "subject_count": 9,
  "n_train_windows": 655
}