{
  "accuracy": 0.6183844011142061,
  "macro_f1": 0.49793017007248985,
  "balanced_accuracy": 0.5108639923528965,
  "n_test": 359,
  "subject_count": 2,
  "n_train_windows": 144
}