{
  "accuracy": 0.5459610027855153,
  "macro_f1": 0.5322491995058366,
  "balanced_accuracy": 0.5735794744788781,
  "n_test": 359,
  "subject_count": 5,
  "n_train_windows": 365
}