{
  "accuracy": 0.5487465181058496,
  "macro_f1": 0.5154167537888468,
  "balanced_accuracy": 0.5341871150650112,
  "n_test": 359,
  "subject_count": 6,
  "n_train_windows": 437
}