{
  "accuracy": 0.6573816155988857,
  "macro_f1": 0.5956422598022816,
  "balanced_accuracy": 0.5970019878124287,
  "n_test": 359,
  "subject_count": 8,
  "n_train_windows": 582
}