{
  "accuracy": 0.5431754874651811,
  "macro_f1": 0.5151581605528973,
  "balanced_accuracy": 0.5393831264053183,
  "n_test": 359,
  "subject_count": 7,
  "n_train_windows": 512
}