{
  "accuracy": 0.5571030640668524,
  "macro_f1": 0.4901455026455026,
  "balanced_accuracy": 0.4935830590586676,
  "n_test": 359,
  "subject_count": 4,
  "n_train_windows": 293
}