{
  "accuracy": 0.5125348189415042,
  "macro_f1": 0.49193183158935344,
  "balanced_accuracy": 0.5252066564560455,
  "n_test": 359,
  "subject_count": 9,
  "n_train_windows": 655
}