{
  "accuracy": 0.5041782729805014,
  "macro_f1": 0.481899674370512,
  "balanced_accuracy": 0.5164760321960439,
  "n_test": 359,
  "subject_count": 7,
  "n_train_windows": 512
}