{
  "accuracy": 0.6239554317548747,
  "macro_f1": 0.5614263446508039,
  "balanced_accuracy": 0.5632395911406567,
  "n_test": 359,
  "subject_count": 4,
  "n_train_windows": 293
}