{
  "accuracy": 0.5292479108635098,
  "macro_f1": 0.49309297905616395,
  "balanced_accuracy": 0.515433788466343,
  "n_test": 359,
  "subject_count": 8,
  "n_train_windows": 583
}