{
  "accuracy": 0.532033426183844,
  "macro_f1": 0.4617449616010331,
  "balanced_accuracy": 0.5094931621424925,
  "n_test": 359,
  "subject_count": 3,
  "n_train_windows": 216
}