{
  "accuracy": 0.5710306406685237,
  "macro_f1": 0.5184821184821184,
  "balanced_accuracy": 0.5166731840844657,
  "n_test": 359,
  "subject_count": 6,
  "n_train_windows": 437
}