{
  "accuracy": 0.596100278551532,
  "macro_f1": 0.5508413207614627,
  "balanced_accuracy": 0.5733258383028644,
  "n_test": 359,
  "subject_count": 3,
  "n_train_windows": 216
}