{
  "accuracy": 0.5097493036211699,
  "macro_f1": 0.48763891216263494,
  "balanced_accuracy": 0.5112908832187354,
  "n_test": 359,
  "subject_count": 8,
  "n_train_windows": 583
}