{
  "accuracy": 0.6072423398328691,
  "macro_f1": 0.5611915400655346,
  "balanced_accuracy": 0.5662039300029328,
  "n_test": 359,
  "subject_count": 5,
  "n_train_windows": 362
}