{
  "accuracy": 0.467966573816156,
  "macro_f1": 0.41636639073743437,
  "balanced_accuracy": 0.4466647114413269,
  "n_test": 359,
  "subject_count": 6,
  "n_train_windows": 434
}