{
  "accuracy": 0.48467966573816157,
  "macro_f1": 0.38342936025975877,
  "balanced_accuracy": 0.4395819076481898,
  "n_test": 359,
  "subject_count": 4,
  "n_train_windows": 291
}