{
  "accuracy": 0.48746518105849584,
  "macro_f1": 0.4699718649183999,
  "balanced_accuracy": 0.4949289058341752,
  "n_test": 359,
  "subject_count": 2,
  "n_train_windows": 144
}