{
  "accuracy": 0.520891364902507,
  "macro_f1": 0.49073905086173114,
  "balanced_accuracy": 0.5122391675084998,
  "n_test": 359,
  "subject_count": 10,
  "n_train_windows": 728
}