{
  "accuracy": 0.596100278551532,
  "macro_f1": 0.5465185064336708,
  "balanced_accuracy": 0.5534803011047024,
  "n_test": 359,
  "subject_count": 10,
  "n_train_windows": 728
}