{
  "accuracy": 0.5376044568245125,
  "macro_f1": 0.3965055131467345,
  "balanced_accuracy": 0.42930176730645986,
  "n_test": 359,
  "subject_count": 5,
  "n_train_windows": 363
}