{
  "accuracy": 0.5933147632311978,
  "macro_f1": 0.571258639021797,
  "balanced_accuracy": 0.6056305058602449,
  "n_test": 359,
  "subject_count": 6,
  "n_train_windows": 438
}