{
  "accuracy": 0.5013927576601671,
  "macro_f1": 0.48790001847138204,
  "balanced_accuracy": 0.5253858854455199,
  "n_test": 359,
  "subject_count": 8,
  "n_train_windows": 583
}