{
  "accuracy": 0.6016713091922006,
  "macro_f1": 0.5475517788363548,
  "balanced_accuracy": 0.5540994557956137,
  "n_test": 359,
  "subject_count": 5,
  "n_train_windows": 362
}