{
  "accuracy": 0.5905292479108635,
  "macro_f1": 0.5310845061028481,
  "balanced_accuracy": 0.5338639597658074,
  "n_test": 359,
  "subject_count": 6,
  "n_train_windows": 437
}