{
  "accuracy": 0.5097493036211699,
  "macro_f1": 0.4000328860059687,
  "balanced_accuracy": 0.4622136409554534,
  "n_test": 359,
  "subject_count": 4,
  "n_train_windows": 291
}