{
  "accuracy": 0.5626740947075209,
  "macro_f1": 0.3998229892687244,
  "balanced_accuracy": 0.4424349072897318,
  "n_test": 359,
  "subject_count": 5,
  "n_train_windows": 363
}