{
  "accuracy": 0.5125348189415042,
  "macro_f1": 0.4239482763556457,
  "balanced_accuracy": 0.4456794951173679,
  "n_test": 359,
  "subject_count": 2,
  "n_train_windows": 145
}