{
  "accuracy": 0.5013927576601671,
  "macro_f1": 0.47157339126126646,
  "balanced_accuracy": 0.48441142286092914,
  "n_test": 359,
  "subject_count": 4,
  "n_train_windows": 289
}