{
  "accuracy": 0.48746518105849584,
  "macro_f1": 0.4614195761736745,
  "balanced_accuracy": 0.5255346998185986,
  "n_test": 359,
  "subject_count": 4,
  "n_train_windows": 291
}