{
  "accuracy": 0.5348189415041783,
  "macro_f1": 0.46006961060994733,
  "balanced_accuracy": 0.464028198694344,
  "n_test": 359,
  "subject_count": 3,
  "n_train_windows": 218
}