{
  "accuracy": 0.5403899721448467,
  "macro_f1": 0.5139252845932064,
  "balanced_accuracy": 0.5526797449517168,
  "n_test": 359,
  "subject_count": 3,
  "n_train_windows": 216
}