{
  "accuracy": 0.5348189415041783,
  "macro_f1": 0.48219464069443024,
  "balanced_accuracy": 0.4947790052247966,
  "n_test": 359,
  "subject_count": 6,
  "n_train_windows": 437
}