{
  "accuracy": 0.5181058495821727,
  "macro_f1": 0.48743536080055644,
  "balanced_accuracy": 0.51419547908452,
  "n_test": 359,
  "subject_count": 6,
  "n_train_windows": 437
}