{
  "accuracy": 0.5877437325905293,
  "macro_f1": 0.5646615837635082,
  "balanced_accuracy": 0.6106815046545225,
  "n_test": 359,
  "subject_count": 6,
  "n_train_windows": 438
}