{
  "accuracy": 0.5431754874651811,
  "macro_f1": 0.3973658609593654,
  "balanced_accuracy": 0.46861863329748754,
  "n_test": 359,
  "subject_count": 4,
  "n_train_windows": 291
}