{
  "accuracy": 0.48746518105849584,
  "macro_f1": 0.47484804253363205,
  "balanced_accuracy": 0.4842919368679463,
  "n_test": 359,
  "subject_count": 2,
  "n_train_windows": 144
}