{
  "accuracy": 0.5459610027855153,
  "macro_f1": 0.5166284187456048,
  "balanced_accuracy": 0.5416794299431898,
  "n_test": 359,
  "subject_count": 9,
  "n_train_windows": 656
}