{
  "accuracy": 0.5097493036211699,
  "macro_f1": 0.47983373390908196,
  "balanced_accuracy": 0.5090141319342609,
  "n_test": 359,
  "subject_count": 8,
  "n_train_windows": 583
}