{
  "accuracy": 0.5236768802228412,
  "macro_f1": 0.5035658371339861,
  "balanced_accuracy": 0.540196174275752,
  "n_test": 359,
  "subject_count": 9,
  "n_train_windows": 656
}