{
  "accuracy": 0.5403899721448467,
  "macro_f1": 0.46135467015786363,
  "balanced_accuracy": 0.45940137517515556,
  "n_test": 359,
  "subject_count": 3,
  "n_train_windows": 218
}