{
  "accuracy": 0.5153203342618384,
  "macro_f1": 0.4921810104902591,
  "balanced_accuracy": 0.52083944341252,
  "n_test": 359,
  "subject_count": 10,
  "n_train_windows": 728
}