{
  "accuracy": 0.5403899721448467,
  "macro_f1": 0.3600335249042146,
  "balanced_accuracy": 0.3834017662202236,
  "n_test": 359,
  "subject_count": 3,
  "n_train_windows": 217
}