{
  "accuracy": 0.5431754874651811,
  "macro_f1": 0.5235570525615436,
  "balanced_accuracy": 0.5405215020475554,
  "n_test": 359,
  "subject_count": 5,
  "n_train_windows": 365
}