{
  "accuracy": 0.5069637883008357,
  "macro_f1": 0.4949728885212757,
  "balanced_accuracy": 0.5338069323600656,
  "n_test": 359,
  "subject_count": 10,
  "n_train_windows": 728
}