{
  "accuracy": 0.532033426183844,
  "macro_f1": 0.49597333653130865,
  "balanced_accuracy": 0.5143258274405014,
  "n_test": 359,
  "subject_count": 7,
  "n_train_windows": 511
}