{
  "accuracy": 0.5041782729805014,
  "macro_f1": 0.4892616547835555,
  "balanced_accuracy": 0.5254163000619155,
  "n_test": 359,
  "subject_count": 3,
  "n_train_windows": 219
}