{
  "accuracy": 0.5821727019498607,
  "macro_f1": 0.5173165051461198,
  "balanced_accuracy": 0.507419537046089,
  "n_test": 359,
  "subject_count": 2,
  "n_train_windows": 145
}