{
  "accuracy": 0.5877437325905293,
  "macro_f1": 0.5348834982081943,
  "balanced_accuracy": 0.5519823812472165,
  "n_test": 359,
  "subject_count": 8,
  "n_train_windows": 583
}