{
  "accuracy": 0.5905292479108635,
  "macro_f1": 0.5244844581842932,
  "balanced_accuracy": 0.524510378987845,
  "n_test": 359,
  "subject_count": 5,
  "n_train_windows": 362
}