{
  "accuracy": 0.4818941504178273,
  "macro_f1": 0.46352736300846015,
  "balanced_accuracy": 0.4857936585524815,
  "n_test": 359,
  "subject_count": 8,
  "n_train_windows": 582
}