{
  "accuracy": 0.5181058495821727,
  "macro_f1": 0.49219734716629127,
  "balanced_accuracy": 0.5242632602296303,
  "n_test": 359,
  "subject_count": 10,
  "n_train_windows": 728
}