{
  "accuracy": 0.5403899721448467,
  "macro_f1": 0.5100761475761475,
  "balanced_accuracy": 0.5305683188320788,
  "n_test": 359,
  "subject_count": 8,
  "n_train_windows": 583
}