{
  "accuracy": 0.47075208913649025,
  "macro_f1": 0.45253284229018204,
  "balanced_accuracy": 0.505818424740118,
  "n_test": 359,
  "subject_count": 10,
  "n_train_windows": 728
}