{
  "accuracy": 0.4818941504178273,
  "macro_f1": 0.4563755085293977,
  "balanced_accuracy": 0.4809718556174711,
  "n_test": 359,
  "subject_count": 6,
  "n_train_windows": 436
}