{
  "accuracy": 0.6239554317548747,
  "macro_f1": 0.5437363924486702,
  "balanced_accuracy": 0.5382822259154256,
  "n_test": 359,
  "subject_count": 9,
  "n_train_windows": 655
}