{
  "accuracy": 0.5598885793871866,
  "macro_f1": 0.5289007437278339,
  "balanced_accuracy": 0.5545676236408469,
  "n_test": 359,
  "subject_count": 8,
  "n_train_windows": 584
}