{
  "accuracy": 0.5348189415041783,
  "macro_f1": 0.5028479285416881,
  "balanced_accuracy": 0.5218681091884728,
  "n_test": 359,
  "subject_count": 7,
  "n_train_windows": 511
}