{
  "accuracy": 0.520891364902507,
  "macro_f1": 0.5102547660909436,
  "balanced_accuracy": 0.5651231248845874,
  "n_test": 359,
  "subject_count": 7,
  "n_train_windows": 510
}