{
  "accuracy": 0.5181058495821727,
  "macro_f1": 0.48430865697052744,
  "balanced_accuracy": 0.5160371927309066,
  "n_test": 359,
  "subject_count": 10,
  "n_train_windows": 728
}