{
  "accuracy": 0.6044568245125348,
  "macro_f1": 0.546952756566053,
  "balanced_accuracy": 0.5585274980719306,
  "n_test": 359,
  "subject_count": 3,
  "n_train_windows": 220
}