{
  "accuracy": 0.5013927576601671,
  "macro_f1": 0.4077360813663195,
  "balanced_accuracy": 0.45618394325501566,
  "n_test": 359,
  "subject_count": 6,
  "n_train_windows": 434
}