{
  "accuracy": 0.5403899721448467,
  "macro_f1": 0.5194696849694473,
  "balanced_accuracy": 0.5531147825898046,
  "n_test": 359,
  "subject_count": 9,
  "n_train_windows": 653
}