{
  "accuracy": 0.4986072423398329,
  "macro_f1": 0.4681381667886315,
  "balanced_accuracy": 0.5053649210849328,
  "n_test": 359,
  "subject_count": 9,
  "n_train_windows": 653
}