{
  "accuracy": 0.4763231197771588,
  "macro_f1": 0.46570876550742324,
  "balanced_accuracy": 0.5019058015880775,
  "n_test": 359,
  "subject_count": 9,
  "n_train_windows": 655
}