{
  "accuracy": 0.4986072423398329,
  "macro_f1": 0.48603205529837895,
  "balanced_accuracy": 0.536985802891561,
  "n_test": 359,
  "subject_count": 3,
  "n_train_windows": 219
}