{
  "accuracy": 0.5181058495821727,
  "macro_f1": 0.4989580815720334,
  "balanced_accuracy": 0.5334826908245619,
  "n_test": 359,
  "subject_count": 9,
  "n_train_windows": 655
}