{
  "accuracy": 0.5348189415041783,
  "macro_f1": 0.5041747194249483,
  "balanced_accuracy": 0.5214439339133835,
  "n_test": 359,
  "subject_count": 7,
  "n_train_windows": 511
}