{
  "accuracy": 0.5236768802228412,
  "macro_f1": 0.4999129223267154,
  "balanced_accuracy": 0.529280042580463,
  "n_test": 359,
  "subject_count": 10,
  "n_train_windows": 728
}