{
  "accuracy": 0.5487465181058496,
  "macro_f1": 0.5091058504371243,
  "balanced_accuracy": 0.5322003888725954,
  "n_test": 359,
  "subject_count": 7,
  "n_train_windows": 509
}