{
  "accuracy": 0.5181058495821727,
  "macro_f1": 0.41993053895396715,
  "balanced_accuracy": 0.4835570980111013,
  "n_test": 359,
  "subject_count": 2,
  "n_train_windows": 144
}