{
  "accuracy": 0.6155988857938719,
  "macro_f1": 0.4996547409235836,
  "balanced_accuracy": 0.4993591205830917,
  "n_test": 359,
  "subject_count": 2,
  "n_train_windows": 145
}