{
  "accuracy": 0.5515320334261838,
  "macro_f1": 0.5357844176472837,
  "balanced_accuracy": 0.5836972224937812,
  "n_test": 359,
  "subject_count": 4,
  "n_train_windows": 295
}