{
  "accuracy": 0.6100278551532033,
  "macro_f1": 0.499044786417143,
  "balanced_accuracy": 0.5269457207720968,
  "n_test": 359,
  "subject_count": 7,
  "n_train_windows": 510
}