{
  "accuracy": 0.5153203342618384,
  "macro_f1": 0.49529300723223163,
  "balanced_accuracy": 0.529768848915393,
  "n_test": 359,
  "subject_count": 10,
  "n_train_windows": 728
}