{
  "accuracy": 0.5236768802228412,
  "macro_f1": 0.48785713874843967,
  "balanced_accuracy": 0.5041885271722011,
  "n_test": 359,
  "subject_count": 9,
  "n_train_windows": 653
}