{
  "accuracy": 0.4456824512534819,
  "macro_f1": 0.4308730623452519,
  "balanced_accuracy": 0.4578160132955323,
  "n_test": 359,
  "subject_count": 9,
  "n_train_windows": 653
}