{
  "accuracy": 0.48746518105849584,
  "macro_f1": 0.47203513070725706,
  "balanced_accuracy": 0.5262489001857463,
  "n_test": 359,
  "subject_count": 10,
  "n_train_windows": 728
}