{
  "accuracy": 0.520891364902507,
  "macro_f1": 0.4984138735297419,
  "balanced_accuracy": 0.535488969270375,
  "n_test": 359,
  "subject_count": 10,
  "n_train_windows": 728
}