{
  "accuracy": 0.5348189415041783,
  "macro_f1": 0.5074289769930386,
  "balanced_accuracy": 0.5356193176263564,
  "n_test": 359,
  "subject_count": 10,
  "n_train_windows": 728
}