{
  "accuracy": 0.5069637883008357,
  "macro_f1": 0.4815660931298043,
  "balanced_accuracy": 0.5163614342664103,
  "n_test": 359,
  "subject_count": 10,
  "n_train_windows": 728
}