{
  "accuracy": 0.532033426183844,
  "macro_f1": 0.5150256045778433,
  "balanced_accuracy": 0.5577220538555957,
  "n_test": 359,
  "subject_count": 4,
  "n_train_windows": 295
}