{
  "accuracy": 0.5988857938718662,
  "macro_f1": 0.5652909691976701,
  "balanced_accuracy": 0.5815823204179837,
  "n_test": 359,
  "subject_count": 6,
  "n_train_windows": 438
}