{
  "accuracy": 0.5348189415041783,
  "macro_f1": 0.504910685457001,
  "balanced_accuracy": 0.5228614722846808,
  "n_test": 359,
  "subject_count": 9,
  "n_train_windows": 655
}