{
  "accuracy": 0.5682451253481894,
  "macro_f1": 0.5396299698625281,
  "balanced_accuracy": 0.581860396910744,
  "n_test": 359,
  "subject_count": 3,
  "n_train_windows": 218
}