{
  "accuracy": 0.6016713091922006,
  "macro_f1": 0.5482941184990014,
  "balanced_accuracy": 0.5540994557956137,
  "n_test": 359,
  "subject_count": 10,
  "n_train_windows": 728
}