{
  "accuracy": 0.5264623955431755,
  "macro_f1": 0.5085135043428386,
  "balanced_accuracy": 0.5410749394423262,
  "n_test": 359,
  "subject_count": 7,
  "n_train_windows": 512
}