{
  "accuracy": 0.5933147632311978,
  "macro_f1": 0.566954423094774,
  "balanced_accuracy": 0.600384527650145,
  "n_test": 359,
  "subject_count": 4,
  "n_train_windows": 295
}