{
  "accuracy": 0.5933147632311978,
  "macro_f1": 0.5266997506653959,
  "balanced_accuracy": 0.5144730124591304,
  "n_test": 359,
  "subject_count": 2,
  "n_train_windows": 145
}