{
  "accuracy": 0.6072423398328691,
  "macro_f1": 0.551691835169037,
  "balanced_accuracy": 0.5528768968401386,
  "n_test": 359,
  "subject_count": 9,
  "n_train_windows": 653
}