{
  "accuracy": 0.5376044568245125,
  "macro_f1": 0.5049023773069657,
  "balanced_accuracy": 0.5272786521979991,
  "n_test": 359,
  "subject_count": 8,
  "n_train_windows": 582
}