{
  "accuracy": 0.5654596100278552,
  "macro_f1": 0.5220526735550012,
  "balanced_accuracy": 0.5332095023951511,
  "n_test": 359,
  "subject_count": 5,
  "n_train_windows": 362
}