{
  "accuracy": 0.5097493036211699,
  "macro_f1": 0.4895466904349907,
  "balanced_accuracy": 0.516391848882806,
  "n_test": 359,
  "subject_count": 9,
  "n_train_windows": 655
}