{
  "accuracy": 0.5153203342618384,
  "macro_f1": 0.49893719267568254,
  "balanced_accuracy": 0.5421025189819794,
  "n_test": 359,
  "subject_count": 8,
  "n_train_windows": 582
}