{
  "accuracy": 0.4958217270194986,
  "macro_f1": 0.4382747433747025,
  "balanced_accuracy": 0.4435320059525749,
  "n_test": 359,
  "subject_count": 4,
  "n_train_windows": 292
}