{
  "accuracy": 0.5571030640668524,
  "macro_f1": 0.512218963831867,
  "balanced_accuracy": 0.5232063523098814,
  "n_test": 359,
  "subject_count": 7,
  "n_train_windows": 509
}