{
  "accuracy": 0.48746518105849584,
  "macro_f1": 0.46997857966716095,
  "balanced_accuracy": 0.5105109655554468,
  "n_test": 359,
  "subject_count": 8,
  "n_train_windows": 584
}