{
  "accuracy": 0.5292479108635098,
  "macro_f1": 0.47371619126074904,
  "balanced_accuracy": 0.482964556109536,
  "n_test": 359,
  "subject_count": 6,
  "n_train_windows": 437
}