{
  "accuracy": 0.8468731735827002,
  "macro_f1": 0.777206324004275,
  "balanced_accuracy": 0.8196258925752199,
  "n_test": 1711,
  "subject_count": 18,
  "n_train_windows": 2558
}