{
  "accuracy": 0.6750438340151957,
  "macro_f1": 0.5626380349630071,
  "balanced_accuracy": 0.6157678885446163,
  "n_test": 1711,
  "subject_count": 6,
  "n_train_windows": 793
}