{
  "accuracy": 0.8468731735827002,
  "macro_f1": 0.7592790656577538,
  "balanced_accuracy": 0.7914568075297019,
  "n_test": 1711,
  "subject_count": 21,
  "n_train_windows": 3048
}