{
  "accuracy": 0.4436002337814144,
  "macro_f1": 0.4493252684016363,
  "balanced_accuracy": 0.5462562876287556,
  "n_test": 1711,
  "subject_count": 3,
  "n_train_windows": 502
}