{
  "accuracy": 0.5219170075978959,
  "macro_f1": 0.5204116544093532,
  "balanced_accuracy": 0.5346018065570154,
  "n_test": 1711,
  "subject_count": 12,
  "n_train_windows": 1929
}