{
  "accuracy": 0.8024547048509644,
  "macro_f1": 0.7264238181393662,
  "balanced_accuracy": 0.7732764455846505,
  "n_test": 1711,
  "subject_count": 12,
  "n_train_windows": 1776
}