{
  "accuracy": 0.7977790765634132,
  "macro_f1": 0.6507686107608067,
  "balanced_accuracy": 0.6446365388320969,
  "n_test": 1711,
  "subject_count": 12,
  "n_train_windows": 1803
}