{
  "accuracy": 0.5786090005844535,
  "macro_f1": 0.5501924296564003,
  "balanced_accuracy": 0.6359671696179209,
  "n_test": 1711,
  "subject_count": 6,
  "n_train_windows": 961
}