{
  "accuracy": 0.8246639392168322,
  "macro_f1": 0.6673134210962028,
  "balanced_accuracy": 0.6642701019424166,
  "n_test": 1711,
  "subject_count": 15,
  "n_train_windows": 2322
}