{
  "accuracy": 0.527177089421391,
  "macro_f1": 0.5512840154955788,
  "balanced_accuracy": 0.6269224398095908,
  "n_test": 1711,
  "subject_count": 6,
  "n_train_windows": 961
}