{
  "accuracy": 0.6282875511396844,
  "macro_f1": 0.5238762132693616,
  "balanced_accuracy": 0.5825589177041193,
  "n_test": 1711,
  "subject_count": 6,
  "n_train_windows": 741
}