{
  "accuracy": 0.852717708942139,
  "macro_f1": 0.7863273170481412,
  "balanced_accuracy": 0.8296707151142054,
  "n_test": 1711,
  "subject_count": 21,
  "n_train_windows": 3127
}