{
  "accuracy": 0.5634132086499123,
  "macro_f1": 0.551646449128554,
  "balanced_accuracy": 0.633481697738344,
  "n_test": 1711,
  "subject_count": 6,
  "n_train_windows": 961
}