{
  "accuracy": 0.5791934541203975,
  "macro_f1": 0.4304775560875234,
  "balanced_accuracy": 0.5131989483135843,
  "n_test": 1711,
  "subject_count": 9,
  "n_train_windows": 1345
}