{
  "accuracy": 0.6919929865575687,
  "macro_f1": 0.5649261528219173,
  "balanced_accuracy": 0.6308438798251973,
  "n_test": 1711,
  "subject_count": 6,
  "n_train_windows": 741
}