{
  "accuracy": 0.6656925774400935,
  "macro_f1": 0.5767755138012998,
  "balanced_accuracy": 0.6209963037378984,
  "n_test": 1711,
  "subject_count": 6,
  "n_train_windows": 793
}