{
  "accuracy": 0.8772647574517826,
  "macro_f1": 0.7970015816954383,
  "balanced_accuracy": 0.8198574735987677,
  "n_test": 1711,
  "subject_count": 24,
  "n_train_windows": 3515
}