{
  "accuracy": 0.8340151957919345,
  "macro_f1": 0.7792102604772393,
  "balanced_accuracy": 0.826948288727872,
  "n_test": 1711,
  "subject_count": 21,
  "n_train_windows": 3127
}