{
  "accuracy": 0.8007013442431327,
  "macro_f1": 0.6609906815141535,
  "balanced_accuracy": 0.6367433215600957,
  "n_test": 1711,
  "subject_count": 21,
  "n_train_windows": 3048
}