{
  "accuracy": 0.8293395675043834,
  "macro_f1": 0.72681658947339,
  "balanced_accuracy": 0.7576289909324911,
  "n_test": 1711,
  "subject_count": 15,
  "n_train_windows": 2083
}