{
  "accuracy": 0.8328462887200467,
  "macro_f1": 0.7692078039429071,
  "balanced_accuracy": 0.8105271704948818,
  "n_test": 1711,
  "subject_count": 24,
  "n_train_windows": 3515
}