{
  "accuracy": 0.6750438340151957,
  "macro_f1": 0.6206859539487648,
  "balanced_accuracy": 0.6523714920304552,
  "n_test": 1711,
  "subject_count": 6,
  "n_train_windows": 793
}