{
  "accuracy": 0.7843366452367037,
  "macro_f1": 0.5118550596215579,
  "balanced_accuracy": 0.5347159840106351,
  "n_test": 1711,
  "subject_count": 15,
  "n_train_windows": 2083
}