{
  "accuracy": 0.6557568673290474,
  "macro_f1": 0.5387483869421881,
  "balanced_accuracy": 0.6144294303971439,
  "n_test": 1711,
  "subject_count": 6,
  "n_train_windows": 741
}