{
  "accuracy": 0.7451782583284629,
  "macro_f1": 0.5012682464884745,
  "balanced_accuracy": 0.48084939978942587,
  "n_test": 1711,
  "subject_count": 9,
  "n_train_windows": 1186
}