{
  "accuracy": 0.8211572180011689,
  "macro_f1": 0.7333534542340251,
  "balanced_accuracy": 0.7679516224064638,
  "n_test": 1711,
  "subject_count": 15,
  "n_train_windows": 2083
}