{
  "accuracy": 0.8609000584453536,
  "macro_f1": 0.7697613875233656,
  "balanced_accuracy": 0.7997844401196109,
  "n_test": 1711,
  "subject_count": 21,
  "n_train_windows": 3048
}