{
  "accuracy": 0.7831677381648159,
  "macro_f1": 0.6568630805322523,
  "balanced_accuracy": 0.6734038783546644,
  "n_test": 1711,
  "subject_count": 15,
  "n_train_windows": 2030
}