{
  "accuracy": 0.7708942139099941,
  "macro_f1": 0.6170487812578752,
  "balanced_accuracy": 0.5842632054517225,
  "n_test": 1711,
  "subject_count": 12,
  "n_train_windows": 1776
}