{
  "accuracy": 0.7796610169491526,
  "macro_f1": 0.7165203158498663,
  "balanced_accuracy": 0.7845558368611313,
  "n_test": 1711,
  "subject_count": 12,
  "n_train_windows": 1803
}