{
  "accuracy": 0.7761542957334892,
  "macro_f1": 0.6243570994495524,
  "balanced_accuracy": 0.5886436837839634,
  "n_test": 1711,
  "subject_count": 12,
  "n_train_windows": 1776
}