{
  "accuracy": 0.7440093512565751,
  "macro_f1": 0.500205107954297,
  "balanced_accuracy": 0.4799845401228431,
  "n_test": 1711,
  "subject_count": 9,
  "n_train_windows": 1186
}