{
  "accuracy": 0.8597311513734658,
  "macro_f1": 0.7934397813894938,
  "balanced_accuracy": 0.820583591311682,
  "n_test": 1711,
  "subject_count": 18,
  "n_train_windows": 2642
}