{
  "accuracy": 0.755698421975453,
  "macro_f1": 0.6805499247683601,
  "balanced_accuracy": 0.7589063146602876,
  "n_test": 1711,
  "subject_count": 12,
  "n_train_windows": 1929
}