{
  "accuracy": 0.8492109877264757,
  "macro_f1": 0.7773507663050362,
  "balanced_accuracy": 0.8148629453559936,
  "n_test": 1711,
  "subject_count": 15,
  "n_train_windows": 2322
}