{
  "accuracy": 0.7679719462302746,
  "macro_f1": 0.6984662607505364,
  "balanced_accuracy": 0.7749418228596029,
  "n_test": 1711,
  "subject_count": 12,
  "n_train_windows": 1803
}