{
  "accuracy": 0.8468731735827002,
  "macro_f1": 0.772573764130985,
  "balanced_accuracy": 0.8120094702434733,
  "n_test": 1711,
  "subject_count": 24,
  "n_train_windows": 3515
}