{
  "accuracy": 0.6838106370543542,
  "macro_f1": 0.6470705491249625,
  "balanced_accuracy": 0.7385262350880656,
  "n_test": 1711,
  "subject_count": 12,
  "n_train_windows": 1929
}