{
  "accuracy": 0.6136762127410871,
  "macro_f1": 0.5945507851398001,
  "balanced_accuracy": 0.5996280415842677,
  "n_test": 1711,
  "subject_count": 12,
  "n_train_windows": 1929
}