{
  "accuracy": 0.7679719462302746,
  "macro_f1": 0.5831207046642194,
  "balanced_accuracy": 0.5677777900196084,
  "n_test": 1711,
  "subject_count": 18,
  "n_train_windows": 2642
}