{
  "accuracy": 0.4330800701344243,
  "macro_f1": 0.4499695549383697,
  "balanced_accuracy": 0.5401590307899208,
  "n_test": 1711,
  "subject_count": 3,
  "n_train_windows": 502
}