{
  "accuracy": 0.6820572764465225,
  "macro_f1": 0.6126778984969592,
  "balanced_accuracy": 0.6578582946298147,
  "n_test": 1711,
  "subject_count": 3,
  "n_train_windows": 478
}