{
  "accuracy": 0.8229105786090006,
  "macro_f1": 0.6674585832112202,
  "balanced_accuracy": 0.6607997827927271,
  "n_test": 1711,
  "subject_count": 15,
  "n_train_windows": 2322
}