{
  "accuracy": 0.7971946230274694,
  "macro_f1": 0.6451765243587976,
  "balanced_accuracy": 0.6389858864502694,
  "n_test": 1711,
  "subject_count": 12,
  "n_train_windows": 1803
}