{
  "accuracy": 0.8036236119228521,
  "macro_f1": 0.6977225864553015,
  "balanced_accuracy": 0.7619959019223367,
  "n_test": 1711,
  "subject_count": 15,
  "n_train_windows": 2322
}