{
  "accuracy": 0.4418468731735827,
  "macro_f1": 0.4660024473588016,
  "balanced_accuracy": 0.5488237301112692,
  "n_test": 1711,
  "subject_count": 3,
  "n_train_windows": 502
}