{
  "accuracy": 0.820572764465225,
  "macro_f1": 0.7576235432724531,
  "balanced_accuracy": 0.7976500591113734,
  "n_test": 1711,
  "subject_count": 18,
  "n_train_windows": 2586
}