{
  "accuracy": 0.7697253068381064,
  "macro_f1": 0.6006975576996474,
  "balanced_accuracy": 0.6519277340496834,
  "n_test": 1711,
  "subject_count": 18,
  "n_train_windows": 2558
}